latitude,longitude,acq_date,acq_time,bright_ti4,frp,is_fire
43.26257,-79.81088,2022-05-01,631,301.38,1.24,1
49.04414,-103.2468,2020-09-01,2101,349.04,40.55,1
45.8365,-73.25185,2021-06-01,733,312.46,1.74,1
51.03965,-87.17547,2023-08-01,1831,367.0,103.6,1
46.04507,-73.14079,2022-06-15,1712,326.54,1.48,1
50.51616,-104.62828,2021-10-15,1952,331.48,2.68,1
51.97906,-90.84615,2021-08-15,1855,334.15,5.32,1
51.78203,-105.09606,2021-05-15,1920,0.0,0.0,0
51.07252,-119.21963,2022-11-01,2031,0.0,0.0,0
53.36368,-63.49019,2021-09-01,849,0.0,0.0,0
57.96967,-124.09347,2022-10-15,2052,0.0,0.0,0
46.75341,-82.72056,2024-09-15,1822,343.74,4.67,1
45.60123,-66.24882,2024-05-15,1828,337.34,7.74,1
55.21027,-126.04564,2024-08-01,2051,336.72,3.6,1
49.12675,-98.79037,2024-04-01,1855,328.73,2.52,1
54.60218,-116.62811,2020-06-15,854,296.68,0.83,1
55.25003,-117.90768,2020-10-15,1857,0.0,0.0,0
56.35143,-105.36514,2021-09-15,1732,0.0,0.0,0
52.30777,-113.55746,2021-08-15,908,303.49,1.75,1
51.51898,-86.94444,2020-08-15,810,300.83,1.12,1
58.83024,-116.09955,2022-08-15,2136,0.0,0.0,0
62.80269,-92.07922,2024-09-01,755,340.27,46.97,1
53.49494,-106.6964,2024-06-15,900,297.95,0.87,1
53.95855,-72.72986,2021-06-15,628,0.0,0.0,0
53.17242,-126.2647,2021-08-01,1151,0.0,0.0,0
53.78727,-108.60145,2023-08-15,1100,0.0,0.0,0
55.47715,-127.73093,2020-09-15,1010,305.33,0.48,1
63.36981,-100.06807,2022-11-15,2108,0.0,0.0,0
54.38605,-108.81633,2023-07-01,1004,0.0,0.0,0
63.5179,-131.09915,2022-09-01,1125,0.0,0.0,0
50.45227,-105.73034,2021-04-01,1945,0.0,0.0,0
46.75553,-83.56264,2020-07-01,714,0.0,0.0,0
56.8253,-120.24694,2021-04-15,2025,0.0,0.0,0
82.29307,-63.67586,2024-08-15,1803,0.0,0.0,0
51.69942,-108.28049,2021-04-15,1843,0.0,0.0,0
60.53064,-70.30106,2020-07-15,1741,0.0,0.0,0
64.91833,-117.46613,2020-07-01,2027,357.62,44.95,1
44.28286,-80.68767,2020-04-01,1846,0.0,0.0,0
52.64075,-85.01022,2023-10-01,758,0.0,0.0,0
42.81021,-79.28788,2023-09-01,1847,0.0,0.0,0
56.03445,-120.87391,2021-07-15,2019,332.29,3.32,1
64.73086,-139.07944,2022-04-01,914,0.0,0.0,0
58.57588,-69.17181,2025-10-15,1818,0.0,0.0,0
42.96568,-79.45303,2023-06-15,645,0.0,0.0,0
53.0384,-89.43647,2022-10-01,2011,0.0,0.0,0
50.41994,-121.42885,2024-08-01,2049,367.0,149.05,1
45.89524,-67.12587,2025-05-15,1745,0.0,0.0,0
51.59008,-61.27362,2021-04-01,1946,0.0,0.0,0
60.60748,-135.03821,2025-11-01,2127,328.54,4.74,1
51.068,-115.13383,2020-11-15,926,295.97,0.9,1
64.2854,-121.03709,2020-08-01,1055,0.0,0.0,0
45.45506,-74.16944,2021-09-01,709,0.0,0.0,0
46.33035,-73.67182,2024-10-01,655,0.0,0.0,0
49.72842,-108.52866,2020-07-01,1035,306.61,1.37,1
46.51682,-84.39349,2024-05-01,806,314.57,2.58,1
54.17161,-122.95049,2023-09-15,939,0.0,0.0,0
66.15767,-112.02032,2024-04-01,1048,0.0,0.0,0
61.1416,-77.2254,2022-05-01,951,0.0,0.0,0
78.07552,-85.20948,2024-10-15,1901,0.0,0.0,0
44.88687,-76.11363,2024-11-15,1736,0.0,0.0,0
51.84416,-90.47546,2021-07-15,1836,367.0,84.91,1
49.39852,-96.49977,2023-10-01,1927,329.52,3.7,1
62.23334,-139.52655,2021-06-15,2124,0.0,0.0,0
50.11464,-125.67989,2020-04-01,2030,331.42,4.77,1
49.67103,-113.38646,2020-05-15,2004,0.0,0.0,0
42.80621,-80.09709,2024-06-15,1705,342.0,11.6,1
50.72379,-112.85378,2025-04-15,2030,0.0,0.0,0
61.05051,-69.61101,2020-07-15,1741,335.83,4.36,1
50.19691,-99.45966,2021-04-01,1944,0.0,0.0,0
55.65541,-124.49573,2021-11-15,1024,326.24,3.92,1
56.54847,-112.14913,2022-06-01,1959,0.0,0.0,0
64.03099,-135.84467,2021-07-01,948,300.55,1.16,1
54.48741,-67.237,2022-04-01,914,0.0,0.0,0
57.00553,-111.46928,2022-05-01,1130,367.0,7.21,1
46.25756,-80.42456,2024-08-15,637,0.0,0.0,0
61.27912,-135.74502,2025-09-15,2108,0.0,0.0,0
59.10721,-122.24321,2025-10-15,2005,0.0,0.0,0
43.5453,-80.22142,2025-11-01,1800,0.0,0.0,0
44.38686,-77.57703,2023-08-01,704,0.0,0.0,0
46.39234,-83.67296,2020-05-01,758,0.0,0.0,0
56.28735,-89.45649,2025-07-01,1808,0.0,0.0,0
45.73584,-67.28219,2023-04-15,1714,0.0,0.0,0
50.84985,-99.84956,2023-11-15,2024,0.0,0.0,0
53.98639,-118.20391,2020-10-15,1048,0.0,0.0,0
51.73639,-92.68071,2023-06-15,1812,0.0,0.0,0
68.06027,-130.37224,2025-07-15,2212,0.0,0.0,0
68.76933,-118.36757,2020-07-15,1737,0.0,0.0,0
73.18204,-88.62638,2024-05-01,806,0.0,0.0,0
50.60841,-97.70752,2020-04-15,1746,356.95,12.55,1
51.06548,-97.14825,2020-04-15,1746,0.0,0.0,0
55.78702,-101.60216,2022-07-15,803,367.0,5.48,1
49.51966,-121.13572,2021-05-15,2100,0.0,0.0,0
49.80108,-100.07202,2025-11-15,2021,347.59,2.55,1
53.35692,-114.58502,2021-04-15,2024,0.0,0.0,0
54.703,-74.27415,2020-09-01,609,297.88,0.08,1
54.11151,-88.81706,2024-09-01,1927,0.0,0.0,0
52.66637,-106.62511,2020-08-15,1940,336.17,2.86,1
51.11175,-103.83577,2021-08-01,830,0.0,0.0,0
43.08864,-80.2664,2021-07-15,709,0.0,0.0,0
53.04651,-66.51758,2021-07-01,1755,0.0,0.0,0
55.43008,-102.20729,2022-08-15,1003,0.0,0.0,0
55.35245,-101.45089,2021-10-01,1916,0.0,0.0,0
54.22718,-85.58926,2023-07-01,1954,367.0,194.14,1
49.15771,-123.00439,2020-05-15,1017,301.25,0.82,1
53.47176,-112.22253,2021-07-15,1029,0.0,0.0,0
58.49578,-115.62424,2022-06-15,905,300.17,2.19,1
61.81645,-110.16373,2021-07-01,1942,346.98,6.77,1
54.58149,-98.42886,2025-06-01,740,367.0,5.91,1
55.91453,-123.64923,2023-06-15,2136,0.0,0.0,0
42.29483,-82.08266,2024-04-15,1750,328.45,2.39,1
53.40335,-118.25917,2021-06-15,2121,0.0,0.0,0
49.19279,-120.73381,2021-09-15,1108,307.69,0.86,1
54.9507,-126.16753,2021-05-01,2205,0.0,0.0,0
58.27932,-76.90514,2021-08-15,1713,0.0,0.0,0
50.94002,-63.505,2024-09-15,1642,0.0,0.0,0
53.59551,-107.99883,2021-11-15,1024,0.0,0.0,0
55.17039,-112.60219,2024-11-01,1215,0.0,0.0,0
58.67149,-115.77799,2020-10-15,1858,0.0,0.0,0
44.16761,-76.80173,2024-06-15,721,302.78,1.07,1
46.85217,-84.32435,2020-06-01,817,0.0,0.0,0
54.05777,-105.03225,2021-05-01,2023,0.0,0.0,0
50.12962,-94.94306,2021-04-01,1804,332.15,3.16,1
49.33555,-126.14697,2022-11-15,2108,0.0,0.0,0
50.9985,-120.28537,2022-10-01,1024,0.0,0.0,0
65.21886,-72.41345,2020-07-15,1737,0.0,0.0,0
64.12549,-136.71217,2022-07-01,2041,0.0,0.0,0
54.11521,-101.06121,2022-09-15,2012,0.0,0.0,0
51.206,-66.20008,2023-06-15,643,345.44,4.02,1
44.35938,-79.59057,2025-08-01,1823,0.0,0.0,0
67.4705,-126.29364,2022-06-15,1712,0.0,0.0,0
55.79725,-121.40729,2022-05-15,2019,0.0,0.0,0
60.85167,-135.47682,2022-10-01,2016,344.65,19.19,1
62.23441,-105.46598,2022-06-01,826,0.0,0.0,0
49.2185,-115.81295,2023-11-01,959,334.46,10.92,1
54.60872,-118.66654,2025-09-01,856,304.35,1.31,1
51.34773,-87.78593,2023-06-15,1812,0.0,0.0,0
54.16306,-121.83302,2025-11-01,955,299.12,1.32,1
53.5044,-111.34662,2024-06-15,2030,0.0,0.0,0
52.73232,-114.6168,2023-10-15,2006,0.0,0.0,0
49.58163,-123.10426,2022-09-01,947,0.0,0.0,0
56.30645,-129.12579,2021-10-15,1004,317.87,3.45,1
52.91079,-85.80656,2023-08-01,1831,0.0,0.0,0
57.34644,-124.87225,2023-06-15,2136,351.28,9.96,1
49.63754,-111.18164,2020-09-01,1921,0.0,0.0,0
48.5295,-80.713,2022-11-01,1848,328.18,2.83,1
50.13524,-104.60945,2022-05-01,951,0.0,0.0,0
56.13953,-91.75316,2022-05-01,951,0.0,0.0,0
46.09914,-73.74244,2020-06-01,636,0.0,0.0,0
46.29997,-76.29674,2023-06-01,1733,0.0,0.0,0
58.40783,-118.14069,2025-10-15,2145,0.0,0.0,0
65.90982,-113.11581,2025-04-15,2030,0.0,0.0,0
53.34724,-71.61003,2020-08-01,1055,0.0,0.0,0
56.6232,-117.31033,2024-04-01,2038,347.68,12.12,1
51.44086,-98.12534,2021-05-01,1842,0.0,0.0,0
52.22412,-114.19532,2021-07-15,849,0.0,0.0,0
55.09264,-108.90089,2023-05-01,2039,0.0,0.0,0
44.56164,-79.75982,2020-10-01,1815,329.13,1.71,1
58.86658,-122.88261,2023-04-15,1049,310.63,1.73,1
49.96064,-99.54845,2021-09-15,1914,332.72,3.02,1
53.79226,-107.83415,2023-08-15,921,0.0,0.0,0
50.93935,-96.8716,2025-10-15,2002,0.0,0.0,0
62.06874,-116.08035,2025-07-01,1811,367.0,66.63,1
53.33737,-112.58602,2024-04-01,1048,0.0,0.0,0
63.77061,-135.44307,2021-07-01,948,0.0,0.0,0
45.50654,-72.76045,2023-11-01,817,0.0,0.0,0
56.03377,-117.18465,2020-10-01,2000,331.97,3.75,1
47.30555,-53.71023,2025-10-15,1818,0.0,0.0,0
42.76041,-81.5057,2024-05-01,1750,336.76,3.34,1
53.99977,-66.72947,2024-07-01,1528,367.0,22.37,1
45.27736,-66.00994,2020-08-01,733,296.77,0.94,1
65.12481,-124.14088,2025-09-01,1850,0.0,0.0,0
75.24796,-84.0089,2021-11-01,1753,0.0,0.0,0
75.14517,-106.38971,2025-04-01,1075,0.0,0.0,0
50.21078,-122.91638,2022-08-15,2133,0.0,0.0,0
61.50635,-137.04652,2025-09-15,1114,295.04,1.03,1
54.35018,-85.01245,2023-07-01,1954,0.0,0.0,0
50.71122,-122.2488,2025-04-01,2133,0.0,0.0,0
47.67648,-82.54094,2020-04-01,720,0.0,0.0,0
49.02795,-103.64546,2021-09-15,747,305.12,1.08,1
53.67402,-112.36066,2020-05-01,1118,0.0,0.0,0
50.86039,-105.1195,2020-07-01,2023,0.0,0.0,0
54.15843,-108.28357,2023-07-01,1004,325.53,2.37,1
51.64581,-98.58318,2021-05-01,1842,367.0,35.34,1
55.68871,-88.68309,2024-09-15,1825,337.47,25.79,1
49.60054,-100.10104,2025-04-15,2030,0.0,0.0,0
50.99658,-102.58447,2025-08-01,838,304.27,1.35,1
49.73856,-114.79977,2021-05-15,933,296.7,1.6,1
45.64946,-75.25515,2024-08-15,1803,0.0,0.0,0
46.83912,-80.41378,2020-04-01,721,0.0,0.0,0
54.21507,-107.65118,2025-07-15,856,0.0,0.0,0
51.59535,-113.33549,2025-06-01,922,0.0,0.0,0
59.48028,-111.54258,2025-09-15,1926,355.43,24.26,1
55.53873,-127.20781,2024-10-01,1156,0.0,0.0,0
50.20486,-103.39204,2024-06-15,901,0.0,0.0,0
52.52081,-123.70233,2023-09-01,1043,0.0,0.0,0
45.76999,-66.44674,2023-10-01,619,0.0,0.0,0
50.25284,-104.43662,2020-04-01,721,0.0,0.0,0
45.5554,-64.04027,2025-07-01,1623,0.0,0.0,0
51.6616,-96.92094,2020-06-01,1945,0.0,0.0,0
57.71446,-74.38707,2024-07-01,1849,0.0,0.0,0
60.25164,-71.48301,2025-04-01,1075,0.0,0.0,0
46.11333,-71.51368,2021-05-15,1737,0.0,0.0,0
50.6216,-93.25282,2024-04-01,1048,0.0,0.0,0
64.48159,-116.08635,2024-08-01,2053,348.22,12.24,1
42.3366,-81.6617,2022-04-15,812,0.0,0.0,0
46.71876,-80.09239,2023-06-01,1733,0.0,0.0,0
51.2529,-99.15331,2024-08-01,1908,352.51,95.05,1
45.28155,-75.09126,2020-08-15,631,298.13,0.88,1
42.94931,-82.42143,2024-05-15,704,305.94,1.47,1
52.33383,-112.67789,2020-10-01,1959,332.26,3.71,1
53.5689,-102.41691,2021-05-01,1843,0.0,0.0,0
56.45105,-99.61752,2021-09-01,847,295.68,0.81,1
51.21069,-114.59141,2025-10-15,1014,0.0,0.0,0
70.60102,-88.74238,2022-04-15,811,0.0,0.0,0
55.83796,-115.8734,2023-10-01,939,0.0,0.0,0
59.63025,-110.08908,2022-09-15,2014,0.0,0.0,0
55.02648,-121.02002,2023-11-15,1846,0.0,0.0,0
60.42827,-105.28146,2023-06-15,1812,0.0,0.0,0
45.54633,-66.49412,2022-11-01,541,300.92,1.17,1
54.76857,-118.25731,2020-11-01,2018,0.0,0.0,0
46.78156,-84.53958,2022-04-15,811,0.0,0.0,0
56.86131,-120.90729,2023-11-01,957,316.34,2.22,1
49.07226,-65.34963,2022-10-01,2011,0.0,0.0,0
56.9388,-101.95923,2022-08-15,1954,0.0,0.0,0
42.79654,-80.53722,2022-06-01,650,0.0,0.0,0
57.81359,-116.74483,2020-07-15,1923,367.0,11.73,1
53.48172,-132.09642,2022-11-01,2213,351.77,39.6,1
44.05577,-77.12171,2022-06-15,727,301.74,1.69,1
43.3095,-82.24418,2020-09-15,831,0.0,0.0,0
55.19276,-120.31495,2025-05-01,2214,0.0,0.0,0
45.41758,-66.65311,2022-08-15,644,0.0,0.0,0
51.18724,-102.19495,2022-10-15,921,309.35,2.96,1
52.34199,-107.25403,2025-10-15,1013,0.0,0.0,0
65.57324,-106.87777,2023-05-01,2038,0.0,0.0,0
54.69921,-110.72475,2021-09-01,2019,332.02,6.19,1
61.82842,-129.80734,2022-08-15,1957,0.0,0.0,0
52.2618,-106.67485,2022-05-01,1940,343.47,2.75,1
53.15092,-111.05786,2025-05-01,1851,0.0,0.0,0
57.31226,-117.06713,2020-11-01,2019,0.0,0.0,0
55.94817,-123.38472,2022-09-15,1023,0.0,0.0,0
55.83024,-115.45903,2020-11-01,2019,0.0,0.0,0
56.33584,-122.05554,2024-04-01,907,0.0,0.0,0
56.43541,-120.63645,2023-05-01,2040,0.0,0.0,0
45.52842,-73.52986,2020-04-01,720,0.0,0.0,0
47.0957,-84.55245,2021-06-15,811,0.0,0.0,0
51.08238,-56.18475,2024-10-01,1015,0.0,0.0,0
56.75741,-114.04946,2025-08-01,2149,367.0,54.62,1
50.68735,-120.4068,2020-08-15,952,298.79,0.98,1
50.84253,-95.84468,2025-06-15,1807,356.78,7.39,1
51.54435,-115.82871,2025-11-01,955,0.0,0.0,0
61.68629,-129.72699,2024-07-01,2033,331.98,4.23,1
47.11248,-84.20079,2020-06-01,817,0.0,0.0,0
56.70359,-117.60658,2021-06-01,2044,329.73,6.42,1
46.47385,-81.04781,2022-09-15,1829,331.69,2.58,1
45.25644,-66.87935,2023-04-15,1714,338.76,7.65,1
48.09181,-72.69146,2020-11-01,2018,0.0,0.0,0
50.8163,-89.79337,2023-08-15,740,305.85,1.54,1
55.31751,-124.78709,2024-11-01,2205,356.87,16.0,1
66.02431,-98.1961,2025-05-15,1745,0.0,0.0,0
53.69345,-110.0114,2022-05-01,951,313.27,1.39,1
51.2781,-90.78276,2025-09-01,1845,0.0,0.0,0
48.25117,-80.80241,2022-11-01,1848,0.0,0.0,0
53.95752,-109.2124,2022-07-15,804,0.0,0.0,0
49.7059,-117.81161,2025-06-01,1102,0.0,0.0,0
56.31507,-117.45776,2022-09-15,2014,0.0,0.0,0
46.11305,-80.98618,2021-05-01,714,0.0,0.0,0
53.79673,-113.09777,2021-06-15,951,300.96,0.83,1
53.02482,-106.18848,2023-05-01,2039,355.19,41.76,1
51.84071,-98.98003,2020-05-01,938,0.0,0.0,0
71.7127,-78.39119,2021-09-01,849,0.0,0.0,0
49.54809,-91.80602,2021-11-01,1753,0.0,0.0,0
82.24769,-80.17269,2025-08-01,1017,0.0,0.0,0
45.52675,-62.92736,2020-10-15,1712,0.0,0.0,0
49.89489,-96.62184,2021-10-01,927,0.0,0.0,0
52.09768,-101.28378,2025-10-01,755,299.21,0.7,1
61.4451,-128.29207,2025-11-15,1841,0.0,0.0,0
47.75996,-79.73861,2020-08-15,1757,331.47,2.66,1
55.22649,-105.64189,2020-06-01,1801,0.0,0.0,0
49.13807,-122.42765,2020-07-15,2101,0.0,0.0,0
51.49633,-124.416,2022-11-15,2109,0.0,0.0,0
49.35209,-102.72781,2024-08-15,818,306.82,1.23,1
50.73874,-106.56141,2022-05-01,1939,333.26,3.44,1
55.65811,-105.4974,2023-09-01,1852,348.79,48.97,1
49.57215,-100.6272,2025-10-01,1923,0.0,0.0,0
55.16843,-102.01714,2022-08-15,1003,296.87,1.56,1
49.6978,-96.84494,2021-06-15,950,0.0,0.0,0
79.46977,-83.05909,2021-10-15,1952,0.0,0.0,0
54.67998,-61.58988,2020-06-01,1801,0.0,0.0,0
55.39547,-128.86581,2023-07-15,1043,0.0,0.0,0
50.57232,-82.51638,2022-04-01,914,0.0,0.0,0
61.43931,-129.71123,2022-08-15,1957,332.08,4.14,1
59.84836,-129.11079,2023-09-15,1119,296.17,1.11,1
54.73349,-104.6602,2023-06-15,1954,347.94,17.02,1
53.45655,-95.66408,2025-07-15,1845,0.0,0.0,0
56.7364,-100.24206,2025-09-15,1741,0.0,0.0,0
53.18755,-76.15293,2023-07-01,1632,367.0,23.14,1
49.77546,-99.18169,2020-08-15,811,306.33,1.19,1
53.69379,-72.57167,2021-06-15,628,298.18,0.55,1
55.09243,-102.893,2025-06-01,739,367.0,31.17,1
49.4973,-121.97516,2023-07-01,2134,327.07,2.75,1
46.60025,-64.98152,2020-07-15,611,295.52,0.5,1
62.7795,-118.68272,2024-07-01,2033,0.0,0.0,0
47.29175,-73.57048,2022-05-15,1833,0.0,0.0,0
51.22158,-104.04975,2020-04-15,1926,0.0,0.0,0
47.94491,-80.34948,2020-08-15,1757,0.0,0.0,0
53.26513,-109.94633,2020-09-01,932,301.24,0.73,1
53.83883,-105.65271,2021-11-15,2013,0.0,0.0,0
52.10766,-105.30791,2020-06-01,1945,335.31,2.41,1
57.90669,-66.52785,2020-10-15,1712,0.0,0.0,0
58.13867,-106.54786,2024-11-01,1215,0.0,0.0,0
51.34081,-95.01489,2021-07-01,810,367.0,36.99,1
55.40138,-118.42992,2020-05-15,2006,343.97,5.55,1
54.93002,-123.55309,2025-11-01,955,353.48,5.71,1
52.17665,-114.73842,2022-07-01,907,307.56,1.46,1
47.55817,-81.96167,2020-04-01,720,320.74,1.47,1
67.43737,-111.54548,2022-10-15,1103,0.0,0.0,0
54.83579,-113.15177,2022-11-15,2110,0.0,0.0,0
50.49647,-100.10555,2023-05-15,1934,342.06,8.89,1
46.89821,-84.85783,2020-05-01,1744,0.0,0.0,0
49.24308,-96.1877,2024-10-01,836,0.0,0.0,0
63.4803,-126.00778,2024-04-15,1750,0.0,0.0,0
59.96659,-127.55814,2022-08-15,2136,0.0,0.0,0
52.95925,-73.10969,2024-06-15,1706,0.0,0.0,0
51.92018,-107.18341,2020-09-01,2102,367.0,10.08,1
49.38669,-103.45972,2020-09-01,2101,0.0,0.0,0
65.46877,-126.69724,2023-06-15,2139,334.0,4.16,1
42.98232,-79.82987,2021-11-01,626,0.0,0.0,0
53.60791,-126.10568,2021-04-01,2127,0.0,0.0,0
55.15656,-106.59798,2023-07-01,1814,0.0,0.0,0
44.29721,-77.2056,2020-08-01,734,0.0,0.0,0
51.33602,-109.12164,2023-09-15,1745,0.0,0.0,0
45.1122,-73.00924,2025-08-01,658,307.4,1.26,1
50.72222,-104.66319,2020-07-01,2023,330.71,3.5,1
70.16494,-73.60296,2025-11-01,1134,0.0,0.0,0
56.35723,-64.95836,2020-08-01,1055,0.0,0.0,0
53.86157,-109.85239,2022-06-01,828,0.0,0.0,0
44.1615,-65.73607,2023-06-01,1732,0.0,0.0,0
54.29754,-113.18578,2022-10-15,920,0.0,0.0,0
42.37446,-80.28499,2025-05-15,1745,0.0,0.0,0
50.12853,-96.90158,2021-06-15,950,297.9,0.88,1
43.56723,-65.46272,2023-06-01,1732,367.0,72.26,1
49.14071,-117.54458,2020-11-01,1030,306.68,1.33,1
46.57481,-80.79127,2024-05-15,1828,335.84,9.76,1
54.39232,-118.90396,2022-04-01,1054,0.0,0.0,0
56.11621,-97.17032,2024-08-15,1947,340.71,4.67,1
53.78693,-116.96088,2024-04-01,1048,303.21,0.75,1
46.60174,-83.72633,2022-05-15,1834,0.0,0.0,0
50.88247,-122.67403,2024-05-15,1024,336.08,6.43,1
53.96225,-78.56261,2025-06-15,1807,355.29,18.88,1
45.48351,-75.11826,2024-06-15,1706,334.95,2.91,1
67.23163,-137.01575,2024-09-15,1821,0.0,0.0,0
41.90952,-82.32713,2022-04-15,812,0.0,0.0,0
52.59773,-102.8319,2021-10-15,1813,357.05,9.12,1
50.54068,-96.25349,2021-09-15,927,0.0,0.0,0
54.43867,-107.76332,2020-05-15,835,0.0,0.0,0
51.72068,-99.17461,2021-07-15,848,301.84,1.07,1
57.94097,-108.51139,2022-07-15,1935,0.0,0.0,0
63.69104,-136.91805,2022-07-01,2041,367.0,133.77,1
55.53917,-108.28265,2023-06-01,927,367.0,8.66,1
49.52801,-102.20885,2023-08-01,1024,0.0,0.0,0
50.81457,-121.40574,2023-04-01,1013,301.64,0.85,1
55.8673,-103.35389,2024-10-15,1902,0.0,0.0,0
48.25388,-79.0191,2025-08-15,735,322.45,2.06,1
54.02552,-105.74792,2021-04-15,2023,342.55,5.29,1
52.45803,-101.57012,2022-07-15,1933,0.0,0.0,0
43.76122,-81.3302,2025-10-15,1818,332.42,3.14,1
49.46063,-122.8095,2023-08-01,1025,0.0,0.0,0
67.55197,-138.32553,2021-07-01,2306,0.0,0.0,0
77.60107,-94.80031,2024-08-01,1907,0.0,0.0,0
50.08328,-99.6394,2022-06-01,829,301.13,0.66,1
45.54367,-65.70654,2020-11-15,745,0.0,0.0,0
51.19322,-97.25235,2023-09-01,2031,0.0,0.0,0
60.70591,-105.92209,2022-04-01,914,0.0,0.0,0
47.76991,-83.42803,2024-09-01,1927,0.0,0.0,0
54.83259,-118.89313,2023-10-01,1119,305.13,0.66,1
51.39941,-99.26202,2020-05-01,757,307.62,1.42,1
52.27389,-109.78567,2023-04-15,1858,346.6,4.32,1
45.47843,-72.49827,2020-06-15,714,0.0,0.0,0
45.0553,-74.73042,2024-10-01,1821,0.0,0.0,0
59.45327,-119.08229,2024-11-01,1215,0.0,0.0,0
53.73092,-84.82973,2024-09-15,834,300.41,0.86,1
59.47622,-71.72605,2025-08-15,1720,0.0,0.0,0
62.21747,-137.08279,2024-07-01,1039,0.0,0.0,0
55.86703,-119.31296,2022-04-01,913,298.47,0.42,1
59.94856,-126.25012,2022-07-01,2220,0.0,0.0,0
50.75534,-114.64008,2025-07-01,1000,0.0,0.0,0
49.19474,-122.07977,2021-08-15,1049,0.0,0.0,0
46.87201,-81.29428,2025-06-15,819,0.0,0.0,0
57.33768,-111.75555,2021-04-01,1807,356.77,12.62,1
80.59685,-78.71848,2022-07-15,1750,0.0,0.0,0
61.81868,-120.93974,2025-09-01,1035,367.0,5.01,1
59.83287,-101.73563,2023-10-15,1017,0.0,0.0,0
53.24032,-116.59953,2022-09-15,1024,301.39,1.12,1
62.53328,-139.72118,2021-06-15,2124,345.1,15.12,1
54.30419,-64.31508,2020-05-01,939,0.0,0.0,0
54.65245,-111.05471,2025-11-01,955,0.0,0.0,0
55.95645,-122.42827,2022-10-01,2014,367.0,46.37,1
55.82178,-121.74442,2022-05-01,951,0.0,0.0,0
59.64818,-114.26505,2024-06-15,1852,0.0,0.0,0
60.81975,-115.75895,2023-05-15,1938,367.0,65.92,1
51.91977,-99.99321,2020-05-01,938,295.98,1.03,1
57.13384,-121.03915,2023-05-15,946,0.0,0.0,0
53.75609,-116.05711,2022-09-01,1125,0.0,0.0,0
49.14822,-99.38247,2023-10-15,1824,329.21,2.64,1
50.65832,-104.01892,2020-04-15,1926,335.32,3.63,1
59.33769,-113.88851,2024-06-15,1852,338.19,11.62,1
49.75711,-122.17313,2020-05-15,2003,0.0,0.0,0
56.19517,-118.70472,2020-09-15,2141,0.0,0.0,0
55.29721,-87.29945,2024-07-01,1849,345.17,11.5,1
55.75209,-100.60693,2024-09-01,938,297.94,1.02,1
66.30469,-97.58963,2020-10-01,1815,0.0,0.0,0
42.30665,-82.64684,2024-10-01,656,0.0,0.0,0
60.22082,-122.00122,2023-05-15,945,0.0,0.0,0
49.31221,-114.00394,2020-10-15,2036,336.0,37.52,1
65.62195,-123.87681,2025-09-01,1850,358.01,18.01,1
62.93969,-115.12519,2023-07-01,821,301.13,1.7,1
46.39017,-73.15396,2023-11-01,637,0.0,0.0,0
63.77863,-115.97195,2023-08-01,2157,367.0,158.33,1
45.5499,-63.83707,2020-11-15,1730,0.0,0.0,0
60.58245,-96.97164,2021-08-15,1713,0.0,0.0,0
57.75207,-115.55162,2021-08-01,828,0.0,0.0,0
50.97416,-98.42445,2020-05-15,835,301.34,1.04,1
56.16729,-119.3881,2020-09-15,2141,352.32,6.36,1
66.40876,-64.80278,2021-10-15,1952,0.0,0.0,0
49.20098,-100.79678,2022-11-01,2030,356.83,21.65,1
54.10027,-111.10867,2021-11-01,1935,356.36,29.07,1
69.13905,-121.93021,2023-08-15,1908,0.0,0.0,0
55.79811,-122.03755,2025-06-01,921,0.0,0.0,0
52.53669,-93.31917,2021-11-15,1832,354.46,10.56,1
59.75748,-134.28645,2023-09-01,2034,350.1,29.64,1
61.67924,-130.76047,2023-07-15,1041,296.38,1.11,1
59.83716,-123.19479,2021-08-01,1818,0.0,0.0,0
51.92189,-84.3849,2023-10-01,758,0.0,0.0,0
73.21643,-93.96413,2023-08-15,1908,0.0,0.0,0
53.36616,-108.58807,2024-04-01,1857,0.0,0.0,0
55.25254,-116.75137,2024-11-15,2102,358.23,42.83,1
56.99641,-112.51373,2022-05-01,1130,0.0,0.0,0
61.98322,-130.4416,2023-07-15,1041,0.0,0.0,0
59.63864,-118.2274,2023-06-01,926,0.0,0.0,0
51.76526,-104.86502,2021-06-01,2042,0.0,0.0,0
54.17577,-107.10857,2023-11-01,819,0.0,0.0,0
53.08107,-117.13288,2022-09-01,946,0.0,0.0,0
45.61446,-74.70719,2021-10-01,747,300.52,1.45,1
56.55007,-111.44313,2024-08-01,1059,0.0,0.0,0
66.90538,-88.92186,2020-09-15,1634,0.0,0.0,0
50.32662,-97.49751,2021-11-01,946,305.05,1.09,1
60.41546,-133.34466,2021-11-01,1125,0.0,0.0,0
52.00042,-114.6181,2023-05-01,2038,356.12,28.43,1
63.86585,-113.97257,2024-07-01,1853,0.0,0.0,0
56.50527,-122.62501,2022-10-01,2014,0.0,0.0,0
63.83698,-120.47517,2025-07-15,2029,367.0,55.42,1
49.91681,-120.57532,2020-10-15,1049,0.0,0.0,0
52.7094,-124.13686,2024-11-01,1035,0.0,0.0,0
51.03655,-96.27338,2023-07-01,1953,0.0,0.0,0
44.49538,-76.96208,2020-07-15,612,0.0,0.0,0
45.04559,-76.1413,2021-10-01,1732,332.79,4.44,1
53.32567,-125.41632,2023-10-15,2007,0.0,0.0,0
53.43817,-98.36246,2022-07-01,1858,0.0,0.0,0
81.28459,-81.22379,2021-08-15,1713,0.0,0.0,0
50.77035,-97.02293,2021-04-01,1945,339.82,4.7,1
53.60748,-110.50352,2022-05-01,951,0.0,0.0,0
52.25964,-99.59879,2020-06-01,1945,0.0,0.0,0
56.42502,-121.70834,2020-11-01,2019,0.0,0.0,0
67.54137,-65.79678,2025-10-01,1741,0.0,0.0,0
50.68835,-64.03741,2024-09-15,1642,326.07,3.29,1
61.03469,-119.96889,2023-08-15,919,367.0,13.85,1
54.63587,-98.09743,2025-07-01,1948,353.96,33.62,1
56.53073,-120.20086,2021-05-15,1111,0.0,0.0,0
72.65591,-99.6846,2020-07-15,1737,0.0,0.0,0
42.81779,-81.32566,2022-05-15,709,308.89,1.07,1
60.54032,-107.60464,2020-07-01,852,312.62,1.23,1
43.9465,-77.91062,2020-07-01,715,0.0,0.0,0
65.44124,-85.65355,2023-08-15,1908,0.0,0.0,0
43.81565,-81.71573,2025-10-01,1741,0.0,0.0,0
53.26477,-94.29755,2021-08-01,829,307.87,1.13,1
51.95072,-102.81544,2020-06-15,1843,0.0,0.0,0
51.42598,-101.71245,2025-05-01,1850,348.44,7.62,1
50.75945,-96.45084,2021-04-01,1945,0.0,0.0,0
48.37863,-77.28769,2023-06-01,1914,0.0,0.0,0
53.47185,-99.1923,2024-10-01,834,0.0,0.0,0
80.82837,-87.80074,2025-08-15,1720,0.0,0.0,0
49.91899,-115.65366,2021-04-15,2023,354.31,15.95,1
81.993,-64.31636,2020-09-01,933,0.0,0.0,0
48.15747,-53.46524,2025-08-15,1540,0.0,0.0,0
67.08381,-102.52998,2024-04-01,1048,0.0,0.0,0
49.579,-121.42337,2021-10-15,1006,0.0,0.0,0
50.29346,-105.33559,2023-08-01,1832,0.0,0.0,0
53.81111,-97.19353,2025-10-01,1924,339.55,6.24,1
45.50642,-72.95889,2022-05-01,1756,0.0,0.0,0
54.22205,-116.47655,2022-09-01,1125,317.26,1.35,1
73.39363,-100.18762,2023-05-15,1751,0.0,0.0,0
62.50942,-140.56106,2021-06-15,2124,0.0,0.0,0
60.86904,-111.57654,2021-07-15,1836,0.0,0.0,0
75.51249,-82.78641,2021-06-15,951,0.0,0.0,0
46.79518,-73.2127,2020-04-15,1746,0.0,0.0,0
51.03776,-123.11653,2024-05-15,1024,0.0,0.0,0
63.49025,-71.40254,2023-09-15,1745,0.0,0.0,0
56.69518,-102.13423,2023-05-15,1936,0.0,0.0,0
63.23011,-97.65015,2023-09-01,2031,0.0,0.0,0
49.02864,-124.03512,2020-11-15,2055,354.48,19.52,1
53.8871,-82.47707,2024-10-01,834,309.25,2.95,1
45.13624,-73.67001,2022-05-01,1756,346.6,6.96,1
43.9883,-66.13316,2025-11-01,1134,0.0,0.0,0
50.1367,-90.33712,2021-06-15,1938,334.76,2.95,1
67.17188,-132.65857,2025-08-15,1053,0.0,0.0,0
64.09849,-118.47382,2025-08-01,834,367.0,17.59,1
55.86007,-102.73922,2024-10-15,1902,342.68,54.94,1
45.86286,-65.80739,2022-07-01,727,0.0,0.0,0
56.55601,-119.53407,2020-11-15,1105,331.61,5.73,1
54.07717,-118.7731,2024-06-15,900,0.0,0.0,0
48.56797,-79.3423,2023-10-01,1745,0.0,0.0,0
50.85397,-99.39706,2020-08-15,1939,327.36,3.17,1
55.45296,-113.75,2024-04-01,1047,295.54,0.91,1
57.81828,-119.07336,2023-08-15,2052,0.0,0.0,0
53.66211,-107.4858,2020-10-15,907,320.75,1.75,1
66.5896,-83.24453,2022-09-01,1125,0.0,0.0,0
50.41496,-111.20251,2025-07-01,819,0.0,0.0,0
57.30917,-121.50031,2023-06-01,1919,367.0,9.02,1
53.19463,-108.82268,2021-11-15,843,0.0,0.0,0
56.59516,-73.58251,2021-04-15,2023,0.0,0.0,0
57.11511,-108.50609,2025-09-01,2027,0.0,0.0,0
52.71444,-76.60579,2023-06-15,1632,0.0,0.0,0
52.24224,-126.07873,2021-11-01,1936,0.0,0.0,0
58.35514,-123.61684,2023-09-15,2111,0.0,0.0,0
52.42351,-124.87093,2025-06-15,2129,0.0,0.0,0
50.47493,-97.13754,2020-09-15,1817,337.95,17.48,1
50.52118,-125.86765,2024-10-15,2223,357.83,16.13,1
46.99499,-80.85096,2021-08-15,728,0.0,0.0,0
55.96576,-105.29489,2021-08-15,2038,0.0,0.0,0
47.38781,-65.71743,2023-05-15,1751,0.0,0.0,0
54.28857,-109.34658,2020-08-01,2043,367.0,42.82,1
53.69612,-108.92018,2021-08-15,1047,0.0,0.0,0
64.96969,-129.2574,2020-06-15,1659,0.0,0.0,0
67.72073,-127.37888,2025-09-15,1741,0.0,0.0,0
56.79327,-110.88828,2024-10-01,1015,0.0,0.0,0
57.11921,-122.69182,2024-05-15,2154,341.87,3.41,1
63.73772,-122.06496,2024-08-15,1950,367.0,161.34,1
55.16548,-113.89658,2022-11-15,2110,346.03,3.15,1
51.09156,-95.45514,2025-07-01,1947,344.63,6.61,1
46.15999,-83.74376,2021-09-15,747,0.0,0.0,0
48.84591,-64.65343,2025-07-15,1702,338.33,3.21,1
49.32677,-123.26145,2021-05-01,1036,0.0,0.0,0
54.89884,-119.86988,2024-04-15,1125,0.0,0.0,0
56.51014,-117.91917,2024-11-15,1922,336.87,6.16,1
59.23362,-117.65185,2023-07-15,2034,0.0,0.0,0
71.47541,-109.21529,2021-06-01,1900,0.0,0.0,0
51.96941,-124.99416,2021-05-15,2101,345.18,27.58,1
49.47931,-102.85669,2025-05-01,903,296.6,0.57,1
50.09075,-110.72198,2025-07-01,819,300.8,1.01,1
53.33636,-103.1348,2021-05-01,1843,367.0,458.63,1
58.16164,-118.53444,2023-08-15,2052,326.99,5.2,1
58.88176,-100.20434,2021-08-01,1820,353.13,10.35,1
56.45548,-117.313,2020-10-01,2000,0.0,0.0,0
45.57361,-77.71401,2025-10-15,1819,0.0,0.0,0
50.61277,-125.56828,2023-05-15,2116,340.18,35.08,1
52.64865,-102.47521,2021-05-15,1920,338.68,24.63,1
45.16806,-75.51344,2024-04-15,1750,332.14,6.32,1
54.31251,-126.9321,2024-10-01,2146,334.0,20.64,1
63.04595,-91.18173,2024-09-01,755,0.0,0.0,0
48.74661,-91.28368,2025-05-15,800,300.47,0.68,1
66.96047,-133.71654,2021-08-15,2042,367.0,43.81,1
51.06153,-94.61842,2025-05-15,1748,0.0,0.0,0
54.25397,-108.95278,2020-05-15,1015,0.0,0.0,0
47.55814,-80.39888,2021-11-01,1752,0.0,0.0,0
51.69449,-100.84174,2024-10-15,1901,0.0,0.0,0
51.03395,-100.71764,2020-04-15,1926,342.51,12.08,1
49.40255,-97.23983,2022-10-01,843,0.0,0.0,0
62.47621,-131.46213,2022-07-01,2040,367.0,151.63,1
65.14282,-128.26441,2021-07-01,1755,0.0,0.0,0
55.07361,-128.21311,2020-09-15,1010,0.0,0.0,0
51.32475,-102.98722,2025-08-01,838,0.0,0.0,0
54.16965,-103.29646,2024-04-15,1934,0.0,0.0,0
46.10342,-81.37126,2020-06-15,714,0.0,0.0,0
62.53393,-137.78231,2020-08-01,1232,0.0,0.0,0
59.87239,-120.90909,2025-06-15,958,0.0,0.0,0
54.37023,-109.76031,2025-11-15,2022,338.05,58.46,1
66.28071,-128.57483,2024-06-15,1854,367.0,48.07,1
58.51254,-66.17799,2023-07-01,1814,344.55,5.99,1
51.07661,-97.51357,2020-08-01,1901,367.0,82.31,1
53.55959,-113.35004,2023-05-01,1049,307.56,0.9,1
55.7983,-120.93717,2023-04-15,1900,333.58,8.14,1
45.86472,-63.78266,2020-09-01,1737,335.16,2.19,1
66.16577,-70.66321,2023-11-01,819,0.0,0.0,0
51.31965,-117.02102,2023-10-01,941,0.0,0.0,0
72.3547,-85.78624,2024-08-15,1803,0.0,0.0,0
58.29762,-117.89508,2025-11-01,1134,0.0,0.0,0
53.98932,-111.36113,2020-11-01,2018,0.0,0.0,0
46.10848,-72.6472,2022-04-01,553,0.0,0.0,0
64.19639,-113.9321,2023-07-15,859,367.0,5.57,1
50.02459,-98.17392,2024-06-15,1848,346.46,74.49,1
67.27907,-138.84433,2021-07-01,2306,367.0,77.71,1
50.46637,-112.20435,2025-04-15,2030,336.92,63.4,1
54.54718,-126.61147,2025-11-01,2125,356.51,39.34,1
45.87533,-72.62196,2021-11-01,625,0.0,0.0,0
59.62159,-126.36578,2022-07-01,1046,0.0,0.0,0
56.3966,-116.34108,2025-04-15,2032,0.0,0.0,0
53.36312,-108.34515,2020-06-01,1946,343.64,19.08,1
54.29073,-124.80906,2025-11-15,2203,0.0,0.0,0
53.90333,-116.13282,2021-06-15,951,0.0,0.0,0
51.08443,-123.35696,2023-08-01,1025,0.0,0.0,0
45.74843,-76.27627,2022-07-01,1858,0.0,0.0,0
55.23648,-117.19632,2022-04-01,1904,340.45,5.46,1
53.82881,-125.276,2020-10-15,1048,0.0,0.0,0
72.07909,-111.39976,2023-08-15,1908,0.0,0.0,0
55.78021,-94.47135,2022-10-15,1103,0.0,0.0,0
53.39132,-117.32709,2021-06-15,2121,337.37,2.55,1
54.78983,-116.01062,2020-11-15,925,0.0,0.0,0
48.01207,-78.71815,2025-09-15,755,0.0,0.0,0
60.83411,-125.59489,2024-08-01,1059,0.0,0.0,0
49.2055,-120.3646,2025-04-15,2030,0.0,0.0,0
49.46892,-120.55186,2022-10-15,922,0.0,0.0,0
49.12519,-70.60269,2025-05-01,1707,0.0,0.0,0
60.21288,-134.54791,2023-10-15,2009,0.0,0.0,0
58.06967,-109.08483,2022-07-15,1935,367.0,171.43,1
46.40096,-64.05993,2020-10-15,1712,0.0,0.0,0
47.66035,-78.22775,2022-05-01,1757,0.0,0.0,0
66.0962,-129.90494,2021-05-01,1841,0.0,0.0,0
51.11681,-119.55976,2021-04-15,2204,0.0,0.0,0
55.21002,-97.01767,2021-07-15,1837,0.0,0.0,0
70.36225,-95.09433,2021-11-01,1753,0.0,0.0,0
56.13482,-109.70419,2023-05-01,2039,0.0,0.0,0
52.66182,-109.93636,2023-05-15,946,0.0,0.0,0
51.18534,-114.14066,2021-04-01,2126,367.0,28.58,1
53.73176,-115.66792,2021-04-01,2127,0.0,0.0,0
64.33638,-121.87398,2023-09-15,2113,0.0,0.0,0
58.20289,-115.63695,2020-10-15,1858,357.05,107.49,1
54.4525,-122.50336,2020-10-01,2000,344.39,63.78,1
49.4851,-122.33717,2020-05-15,1017,0.0,0.0,0
61.98507,-140.45865,2025-10-15,1153,298.5,0.71,1
49.04156,-124.33115,2020-08-01,914,367.0,21.18,1
46.04636,-70.9386,2021-05-01,1659,331.99,2.56,1
56.68734,-121.34644,2022-11-01,1042,327.13,4.0,1
59.46227,-106.56557,2022-07-01,1858,343.11,50.08,1
50.97586,-95.70283,2023-07-01,1953,346.45,7.29,1
49.29331,-124.59547,2025-08-01,1020,367.0,5.67,1
60.28899,-95.48471,2025-11-15,1841,0.0,0.0,0
52.2996,-94.81568,2023-08-15,1909,344.61,14.78,1
54.5135,-72.94308,2022-05-15,1833,0.0,0.0,0
61.64594,-110.92231,2025-08-01,1016,346.02,5.39,1
60.55748,-116.29497,2023-05-15,1938,0.0,0.0,0
53.69131,-109.68646,2021-04-01,1946,330.34,2.68,1
61.58828,-140.67894,2025-10-15,1153,0.0,0.0,0
50.75211,-99.66885,2024-08-01,1908,0.0,0.0,0
45.88942,-77.47539,2023-06-01,1914,328.82,10.43,1
52.74211,-72.13987,2020-08-15,1756,0.0,0.0,0
53.31389,-97.76271,2025-10-01,1924,0.0,0.0,0
60.7207,-123.68816,2022-09-15,1022,338.45,3.31,1
52.78371,-119.30035,2022-11-15,940,298.09,3.57,1
80.3273,-88.97514,2025-04-15,2030,0.0,0.0,0
82.57259,-66.59101,2020-06-01,1801,0.0,0.0,0
62.74257,-135.04027,2021-09-01,1208,324.67,0.13,1
59.91032,-111.27822,2025-09-15,1926,0.0,0.0,0
53.67587,-95.9966,2025-07-15,1845,367.0,89.18,1
49.43434,-123.11143,2025-07-15,1039,0.0,0.0,0
46.29609,-84.01745,2024-06-15,721,0.0,0.0,0
56.46061,-129.51927,2025-10-01,1116,302.62,1.21,1
54.19266,-69.33932,2025-07-15,1702,0.0,0.0,0
64.30177,-140.06441,2021-04-15,2023,0.0,0.0,0
76.95662,-120.17537,2020-04-15,1746,0.0,0.0,0
58.13698,-95.15071,2025-08-01,836,306.83,1.2,1
55.54193,-114.88,2021-11-01,1936,331.93,2.32,1
53.14313,-128.35942,2025-04-01,1145,295.44,0.06,1
51.83023,-107.6573,2021-04-15,1843,367.0,8.08,1
53.74435,-105.22967,2021-11-15,2013,328.58,5.88,1
53.59649,-73.57816,2021-07-01,1618,367.0,13.61,1
56.60528,-121.13111,2023-05-15,946,367.0,7.41,1
80.70425,-86.02193,2023-08-01,1829,0.0,0.0,0
64.62026,-119.77277,2020-07-01,2027,367.0,93.46,1
62.15903,-114.18242,2022-08-15,1002,0.0,0.0,0
50.8971,-104.90872,2021-06-15,951,0.0,0.0,0
54.25981,-119.97043,2025-06-01,1102,0.0,0.0,0
62.13849,-112.58971,2025-09-15,933,296.92,0.86,1
45.82568,-66.00558,2020-06-01,636,0.0,0.0,0
50.32305,-123.58679,2025-09-15,2104,330.16,2.54,1
50.04009,-100.77837,2025-04-15,2030,0.0,0.0,0
58.73701,-122.26758,2025-05-15,2112,0.0,0.0,0
56.92155,-118.09823,2021-06-01,1904,0.0,0.0,0
49.43054,-100.79162,2021-05-01,1841,367.0,74.26,1
52.68494,-120.97493,2024-08-15,958,306.2,1.35,1
54.69988,-126.85155,2024-10-01,1156,310.32,1.3,1
50.79979,-95.48045,2025-05-15,1748,367.0,31.36,1
52.49766,-58.73583,2023-09-15,1745,0.0,0.0,0
71.25808,-115.05161,2023-05-01,2038,0.0,0.0,0
69.72111,-68.67213,2025-06-01,1102,0.0,0.0,0
59.69997,-106.96783,2022-07-01,1858,0.0,0.0,0
53.14128,-117.56711,2022-09-15,1024,0.0,0.0,0
68.53181,-137.83492,2020-05-01,939,0.0,0.0,0
50.21368,-84.38239,2021-07-15,1836,0.0,0.0,0
51.13989,-104.52661,2023-09-15,1928,341.86,4.83,1
46.15068,-65.76792,2023-05-15,1751,0.0,0.0,0
53.27115,-111.46828,2021-04-15,1843,0.0,0.0,0
43.93197,-81.05309,2025-10-01,1741,325.19,2.74,1
49.41374,-122.585,2021-10-01,2056,0.0,0.0,0
50.29149,-117.41225,2024-11-15,1113,0.0,0.0,0
52.19889,-123.39436,2021-11-15,1832,0.0,0.0,0
72.52772,-100.96929,2025-11-01,1134,0.0,0.0,0
55.46413,-124.03073,2022-11-15,2110,329.84,4.05,1
53.77788,-113.59719,2020-08-01,1903,0.0,0.0,0
55.72468,-119.39899,2021-10-01,1107,339.81,5.31,1
72.98768,-95.44711,2020-05-01,939,0.0,0.0,0
64.28348,-90.235,2020-11-15,1106,0.0,0.0,0
50.10694,-97.90737,2020-04-15,1926,0.0,0.0,0
61.72835,-124.94607,2024-09-15,1014,0.0,0.0,0
46.02144,-65.95743,2024-05-15,1828,0.0,0.0,0
56.68812,-113.41166,2021-07-15,2019,0.0,0.0,0
54.12433,-113.7969,2021-09-15,1916,0.0,0.0,0
63.48634,-136.02132,2024-05-15,1021,0.0,0.0,0
52.56968,-104.54005,2025-10-01,1924,333.28,7.68,1
44.55379,-77.34248,2024-06-15,721,0.0,0.0,0
55.18418,-120.75933,2023-04-15,1900,0.0,0.0,0
54.03822,-109.59967,2025-11-15,2022,0.0,0.0,0
45.4465,-74.4874,2021-09-15,1732,0.0,0.0,0
49.42528,-99.14671,2020-08-15,811,0.0,0.0,0
58.12143,-117.48964,2021-10-15,2136,0.0,0.0,0
48.93755,-65.19762,2025-07-15,1702,0.0,0.0,0
63.58543,-126.38328,2023-09-01,1040,296.69,1.11,1
59.16473,-114.30118,2022-11-15,1930,0.0,0.0,0
52.05761,-124.32454,2020-10-01,2140,329.39,103.99,1
44.95723,-76.52728,2022-05-01,811,343.3,4.95,1
66.49013,-134.14856,2025-08-15,1053,0.0,0.0,0
61.02435,-122.98392,2023-09-01,2034,333.48,4.94,1
69.43964,-139.56239,2023-04-01,1013,0.0,0.0,0
51.2574,-102.49757,2021-07-01,1939,347.94,7.92,1
49.85935,-102.94619,2021-09-01,849,0.0,0.0,0
42.9305,-81.68697,2024-04-15,1750,329.88,2.44,1
53.9201,-108.52468,2023-09-15,939,0.0,0.0,0
49.19054,-83.8064,2024-08-15,1804,356.25,23.6,1
64.73287,-97.35374,2021-04-01,1946,0.0,0.0,0
52.23383,-105.82233,2020-10-01,1959,346.1,9.3,1
49.02457,-119.59836,2023-08-01,844,367.0,7.12,1
50.06197,-104.25525,2025-08-15,916,0.0,0.0,0
46.41676,-71.31608,2021-05-15,1737,339.84,3.34,1
52.00554,-120.7989,2021-11-01,1936,367.0,38.8,1
53.9427,-108.86588,2023-10-15,836,308.1,3.22,1
53.00774,-109.05262,2022-11-15,939,0.0,0.0,0
42.39703,-80.49212,2022-05-15,1833,0.0,0.0,0
66.11991,-135.40376,2023-04-01,1013,0.0,0.0,0
54.06914,-103.0957,2023-07-01,1814,0.0,0.0,0
44.54463,-80.56682,2020-04-01,1846,341.98,4.86,1
56.18222,-118.05267,2020-05-01,1928,0.0,0.0,0
54.51329,-104.12774,2023-06-15,1954,0.0,0.0,0
56.94803,-110.85086,2023-10-15,835,0.0,0.0,0
52.67228,-114.85361,2024-11-15,1921,332.98,6.98,1
42.58762,-80.65565,2024-06-15,1705,0.0,0.0,0
54.88006,-88.61828,2020-07-15,1920,0.0,0.0,0
48.49317,-78.65338,2021-08-01,1816,0.0,0.0,0
79.84659,-87.31831,2022-09-15,1024,0.0,0.0,0
54.83933,-99.7056,2025-09-01,856,312.12,1.23,1
53.20559,-102.71918,2021-05-15,1920,0.0,0.0,0
51.81347,-123.99597,2020-10-01,2140,0.0,0.0,0
51.82883,-91.85572,2023-06-15,1812,367.0,165.9,1
55.0417,-125.87958,2021-11-15,2155,0.0,0.0,0
49.22582,-65.1037,2025-06-15,637,305.88,1.09,1
50.20012,-122.19299,2022-08-15,2133,367.0,223.07,1
60.19113,-116.42736,2024-06-15,2032,0.0,0.0,0
53.00338,-68.33013,2020-05-15,2003,0.0,0.0,0
62.57845,-105.05173,2022-06-01,826,335.65,0.17,1
56.53803,-110.91938,2024-05-15,841,0.0,0.0,0
50.80737,-105.42503,2023-06-01,747,0.0,0.0,0
45.52191,-73.17124,2021-08-01,650,0.0,0.0,0
52.72758,-111.07278,2021-04-15,1843,328.34,6.63,1
49.7168,-103.46516,2025-06-01,741,0.0,0.0,0
46.61151,-81.8137,2023-10-01,759,0.0,0.0,0
52.99027,-108.23461,2020-11-01,2018,0.0,0.0,0
55.12549,-116.88242,2020-11-15,925,338.35,5.08,1
56.0959,-120.56556,2024-10-15,2043,329.27,3.89,1
47.14849,-81.16878,2025-04-01,643,0.0,0.0,0
51.65072,-102.31017,2024-09-01,1927,337.88,21.05,1
75.63853,-111.29547,2022-08-15,1629,0.0,0.0,0
63.6968,-115.01839,2023-08-01,2157,0.0,0.0,0
61.50686,-139.21646,2021-05-15,1737,0.0,0.0,0
57.52122,-62.10865,2023-07-15,1710,0.0,0.0,0
47.08727,-78.27507,2020-05-01,1744,0.0,0.0,0
52.14841,-102.56939,2025-11-15,1841,333.95,6.26,1
54.49333,-121.61129,2020-10-01,2000,0.0,0.0,0
51.23545,-103.44062,2021-06-01,1901,0.0,0.0,0
58.25744,-73.74262,2022-09-15,1024,0.0,0.0,0
52.78572,-113.84562,2024-04-01,2037,332.08,7.8,1
46.55046,-80.29867,2022-09-01,1751,0.0,0.0,0
51.2086,-99.99929,2024-09-15,1824,367.0,73.97,1
50.46156,-122.24536,2024-08-01,2049,0.0,0.0,0
56.02072,-107.54035,2022-07-01,2037,0.0,0.0,0
53.3863,-106.93602,2022-05-15,2017,331.32,1.41,1
52.31039,-111.95883,2020-10-01,1959,0.0,0.0,0
53.33245,-107.83575,2020-11-01,2018,334.09,6.07,1
79.73425,-76.86045,2020-11-15,1106,0.0,0.0,0
50.67296,-119.21292,2023-05-01,2038,327.25,1.38,1
49.5391,-98.30696,2025-07-01,819,297.93,1.18,1
43.52223,-80.58511,2020-04-15,618,0.0,0.0,0
51.33522,-104.47376,2020-10-15,1855,349.45,25.84,1
53.29308,-109.04614,2020-06-01,1946,0.0,0.0,0
45.29161,-75.98641,2024-11-01,714,314.22,1.16,1
46.66389,-84.75573,2025-09-15,1741,0.0,0.0,0
52.06116,-106.75346,2020-10-01,1959,0.0,0.0,0
55.59376,-122.13815,2023-11-15,2026,340.09,70.74,1
55.82305,-122.47413,2023-11-15,2026,0.0,0.0,0
45.91944,-73.56304,2024-05-15,702,0.0,0.0,0
52.47057,-111.00064,2023-10-01,1928,0.0,0.0,0
45.24892,-66.5547,2022-11-01,541,0.0,0.0,0
51.59101,-106.12692,2023-05-01,2038,0.0,0.0,0
59.30968,-110.05983,2024-08-15,1948,367.0,186.21,1
53.43158,-104.90725,2021-05-01,2023,340.54,10.74,1
54.39442,-129.07332,2024-11-01,1215,0.0,0.0,0
46.65506,-67.62623,2020-05-15,1640,0.0,0.0,0
49.96648,-103.10599,2025-05-01,903,0.0,0.0,0
58.56285,-124.23154,2023-09-15,2111,330.08,5.27,1
64.33632,-105.09751,2020-11-01,2018,0.0,0.0,0
56.22465,-121.00433,2020-11-01,2019,346.4,6.25,1
54.01331,-126.59231,2020-11-01,1029,324.89,2.62,1
63.4239,-114.01179,2025-09-01,2029,345.17,5.48,1
46.68036,-71.03715,2021-05-15,1737,325.42,1.12,1
60.515,-126.17938,2022-07-01,2220,367.0,9.39,1
49.93385,-98.66345,2021-05-15,1919,350.88,33.87,1
66.67654,-118.28213,2023-08-01,2158,0.0,0.0,0
44.70086,-76.06473,2024-11-15,1736,0.0,0.0,0
50.44312,-107.14452,2024-05-15,1827,0.0,0.0,0
59.64834,-70.99857,2021-05-15,1737,0.0,0.0,0
67.62329,-129.94999,2020-04-01,721,0.0,0.0,0
49.91009,-94.62868,2021-04-01,1804,0.0,0.0,0
60.25846,-126.69929,2022-08-15,2136,367.0,165.46,1
56.71443,-111.27108,2023-09-01,2031,0.0,0.0,0
42.70178,-80.86475,2022-11-01,1847,0.0,0.0,0
50.69295,-105.13618,2024-11-01,1842,367.0,15.05,1
52.66556,-110.85763,2025-05-01,1851,367.0,21.95,1
63.87207,-121.24749,2025-08-15,2048,0.0,0.0,0
56.25891,-90.11855,2025-07-01,1808,367.0,119.56,1
54.32369,-112.90426,2021-05-15,1921,341.56,6.22,1
55.42053,-94.42872,2020-10-15,1712,0.0,0.0,0
57.358,-105.90862,2021-08-01,2000,0.0,0.0,0
52.2298,-92.24064,2024-08-01,1908,330.38,4.72,1
54.17096,-110.88218,2024-10-15,1902,352.43,28.72,1
49.67208,-125.73619,2022-09-01,947,319.79,3.29,1
45.3842,-72.2531,2025-07-01,639,0.0,0.0,0
49.77008,-105.21598,2024-11-15,1919,343.33,5.38,1
70.34226,-76.96653,2021-04-01,1946,0.0,0.0,0
46.35335,-70.93531,2021-05-01,1659,0.0,0.0,0
58.74181,-117.22136,2025-11-15,1031,0.0,0.0,0
50.62207,-103.79092,2023-08-15,1909,0.0,0.0,0
44.31573,-78.91822,2023-05-15,1751,332.06,2.08,1
46.91419,-83.75481,2023-11-01,637,0.0,0.0,0
52.74314,-73.96747,2022-06-15,1714,0.0,0.0,0
64.2281,-121.33249,2025-07-15,2029,0.0,0.0,0
43.30458,-81.91447,2020-07-15,753,0.0,0.0,0
55.65446,-119.0054,2023-05-01,908,314.04,1.06,1
59.94835,-109.3289,2022-06-15,1858,0.0,0.0,0
51.31702,-109.4252,2023-05-01,2038,333.75,1.47,1
55.43382,-72.12781,2020-04-15,1746,0.0,0.0,0
58.11082,-116.41984,2023-09-01,2033,339.02,4.01,1
42.80675,-79.68403,2020-06-01,1801,0.0,0.0,0
42.96667,-81.87099,2024-11-01,715,313.69,1.19,1
49.76075,-110.41898,2022-05-15,1029,0.0,0.0,0
51.38066,-73.56792,2022-07-01,1858,0.0,0.0,0
49.66837,-105.97526,2024-04-15,1934,0.0,0.0,0
49.01561,-96.43637,2021-09-01,2017,0.0,0.0,0
50.00366,-116.42427,2024-11-01,1035,0.0,0.0,0
49.14011,-102.37921,2024-10-15,1900,326.63,1.73,1
49.00084,-99.81944,2024-10-01,2003,355.98,12.67,1
49.3685,-101.48346,2023-08-01,1024,297.24,1.33,1
48.47322,-76.85886,2023-06-01,1914,367.0,99.86,1
64.50224,-121.89515,2025-06-01,1102,0.0,0.0,0
52.49169,-86.58118,2025-06-01,1729,0.0,0.0,0
47.87929,-74.85326,2021-05-15,1737,0.0,0.0,0
43.06957,-80.85997,2021-04-15,715,316.29,2.01,1
52.58023,-59.24226,2020-08-15,1758,0.0,0.0,0
57.18095,-100.96993,2025-06-01,920,296.62,0.85,1
55.47182,-116.39193,2022-10-01,2154,367.0,127.95,1
60.68852,-70.38541,2020-07-15,1741,0.0,0.0,0
50.98852,-85.02537,2021-07-15,848,0.0,0.0,0
51.46564,-104.33646,2023-05-01,2038,353.35,5.04,1
49.08317,-121.16483,2025-09-01,2207,367.0,104.31,1
61.07647,-126.41091,2024-08-01,1059,300.22,0.9,1
60.01278,-133.70495,2023-11-15,1844,0.0,0.0,0
53.35095,-115.44834,2021-10-01,927,345.54,11.68,1
59.78859,-122.09758,2025-06-15,958,367.0,10.55,1
51.56473,-95.59827,2025-09-15,1923,341.65,15.9,1
61.8496,-124.32138,2023-06-01,2100,351.77,14.74,1
53.70158,-109.35999,2024-04-01,1857,326.22,6.88,1
46.9579,-67.33384,2024-10-15,1718,328.97,3.0,1
50.0333,-108.51844,2022-09-01,946,0.0,0.0,0
43.96664,-76.57908,2025-10-15,654,0.0,0.0,0
49.54268,-120.85164,2023-08-15,2050,0.0,0.0,0
53.61923,-114.90028,2021-04-15,2024,333.63,1.9,1
53.71902,-125.73321,2023-10-15,2007,354.23,17.63,1
51.68508,-92.15172,2025-06-15,1947,0.0,0.0,0
45.34724,-64.42168,2025-10-01,1740,0.0,0.0,0
56.34369,-114.18299,2025-08-01,2149,0.0,0.0,0
60.58527,-76.38415,2025-10-01,1741,0.0,0.0,0
49.67911,-105.58306,2020-05-15,2004,339.84,4.2,1
49.56472,-99.39685,2024-04-01,1855,0.0,0.0,0
46.20988,-71.36649,2021-04-15,1659,0.0,0.0,0
58.27129,-114.09854,2024-09-01,937,0.0,0.0,0
57.70647,-129.74344,2025-11-15,2024,337.45,4.86,1
51.38894,-115.44742,2020-06-01,958,0.0,0.0,0
56.57951,-120.69215,2021-04-15,2025,326.0,2.77,1
51.44064,-88.37448,2025-06-01,1909,349.28,6.15,1
81.82558,-81.62333,2020-09-01,933,0.0,0.0,0
53.79963,-123.2149,2021-10-01,1917,0.0,0.0,0
53.61077,-105.89039,2021-11-15,2013,0.0,0.0,0
44.50187,-76.30036,2024-08-15,818,0.0,0.0,0
53.65509,-101.49575,2020-06-01,956,298.77,3.33,1
60.4987,-102.73263,2023-11-15,1844,0.0,0.0,0
57.92637,-74.12201,2022-04-15,811,0.0,0.0,0
46.33728,-72.85786,2024-07-01,720,0.0,0.0,0
54.10267,-113.39206,2020-06-01,1946,0.0,0.0,0
46.54883,-72.62807,2021-07-01,630,0.0,0.0,0
59.39901,-112.87777,2025-05-15,1745,0.0,0.0,0
62.0993,-130.70119,2022-07-01,2040,0.0,0.0,0
53.82132,-85.11712,2023-04-15,1714,0.0,0.0,0
50.45045,-125.05872,2023-05-15,2116,0.0,0.0,0
54.31127,-111.57478,2025-11-01,955,301.82,2.63,1
47.40166,-79.35251,2022-05-01,1757,335.38,1.8,1
49.11573,-118.35836,2024-11-15,2100,0.0,0.0,0
46.43961,-74.66327,2022-10-15,1103,0.0,0.0,0
52.94401,-75.84721,2023-06-15,1632,367.0,11.71,1
45.63477,-61.95592,2023-04-15,1714,330.26,2.15,1
64.34132,-133.56479,2022-06-01,2143,367.0,20.2,1
49.97105,-97.80042,2021-06-15,1938,0.0,0.0,0
52.89424,-104.71545,2024-04-15,945,0.0,0.0,0
52.10075,-112.50405,2024-09-15,2005,0.0,0.0,0
55.80494,-110.16775,2020-10-01,1009,0.0,0.0,0
67.94639,-137.07508,2025-04-15,2030,0.0,0.0,0
53.94098,-102.53869,2024-04-15,1934,356.83,21.22,1
47.86714,-59.09559,2020-08-15,1756,329.8,3.14,1
63.02858,-92.19833,2023-05-15,1938,338.86,11.23,1
48.43074,-76.51105,2024-09-15,1821,0.0,0.0,0
66.60388,-119.50174,2022-06-15,1712,0.0,0.0,0
50.36802,-121.66677,2025-07-01,2129,339.66,5.73,1
58.49733,-114.96939,2022-06-15,905,0.0,0.0,0
49.83714,-98.33652,2025-08-15,1903,341.36,6.24,1
55.11923,-117.50801,2021-09-15,1107,0.0,0.0,0
80.03323,-87.95696,2024-08-01,1907,0.0,0.0,0
51.5729,-115.59751,2025-10-15,1818,0.0,0.0,0
55.89196,-108.90602,2023-05-01,2039,339.7,8.1,1
58.35617,-116.61189,2020-07-15,1923,0.0,0.0,0
51.53489,-104.64265,2021-05-15,1920,342.12,5.25,1
61.49839,-125.98806,2024-09-15,1014,314.96,3.62,1
55.08813,-122.60126,2025-10-15,2004,350.92,37.73,1
48.83585,-58.54657,2023-04-15,1534,0.0,0.0,0
49.01459,-122.08187,2020-08-01,2042,0.0,0.0,0
45.46734,-74.72491,2024-08-15,1803,327.97,3.41,1
47.23503,-71.77703,2021-08-15,1713,0.0,0.0,0
50.4359,-95.52979,2025-09-15,1923,332.05,3.31,1
50.6648,-98.28451,2023-05-01,2038,0.0,0.0,0
65.74904,-122.4929,2022-11-01,1850,0.0,0.0,0
55.26933,-100.47864,2021-10-01,1916,332.63,3.06,1
53.87155,-127.82696,2025-11-01,955,0.0,0.0,0
51.20268,-93.04106,2023-11-15,1843,333.16,37.69,1
50.8544,-119.50551,2023-09-15,1929,367.0,22.69,1
49.47818,-119.54338,2025-04-15,2030,327.65,1.44,1
46.81327,-71.18085,2021-08-15,1713,337.41,4.26,1
51.70813,-98.00909,2021-06-01,2042,0.0,0.0,0
59.32967,-110.87308,2022-09-15,2014,354.56,17.77,1
78.66055,-97.48309,2024-05-01,806,0.0,0.0,0
55.34724,-104.60964,2023-09-01,1852,0.0,0.0,0
42.50889,-80.17154,2024-09-15,1821,0.0,0.0,0
52.07148,-89.66516,2021-08-15,1855,0.0,0.0,0
44.25161,-76.48122,2025-04-01,1809,340.2,12.9,1
55.63596,-123.42718,2024-11-01,2025,342.93,9.6,1
51.22554,-120.09702,2020-11-15,2055,338.84,12.95,1
56.22841,-119.61861,2024-04-01,907,0.0,0.0,0
53.1948,-102.97213,2021-10-01,745,367.0,15.95,1
54.93926,-127.84615,2024-10-01,1156,0.0,0.0,0
58.19167,-113.53071,2023-10-01,1930,351.06,39.21,1
55.87488,-124.52818,2023-06-15,2136,367.0,41.44,1
48.52993,-53.66479,2025-07-15,535,353.07,4.69,1
52.3648,-119.28288,2023-07-15,2032,0.0,0.0,0
61.44684,-128.6353,2022-10-01,2011,0.0,0.0,0
64.43227,-112.92063,2020-10-01,1815,0.0,0.0,0
54.20993,-112.77784,2025-05-01,2032,0.0,0.0,0
51.69047,-101.9441,2022-07-15,1754,0.0,0.0,0
54.62172,-58.06323,2021-10-15,1952,0.0,0.0,0
50.76641,-103.80206,2022-09-01,1934,0.0,0.0,0
50.00602,-93.9088,2021-08-01,1818,0.0,0.0,0
48.59529,-74.8673,2022-09-15,1024,0.0,0.0,0
58.40299,-126.95643,2025-06-01,2234,0.0,0.0,0
47.65073,-76.21705,2021-06-15,1756,0.0,0.0,0
59.77815,-128.4723,2024-08-15,1137,0.0,0.0,0
59.3982,-107.70779,2022-06-15,905,0.0,0.0,0
51.45184,-122.46535,2022-09-15,1024,0.0,0.0,0
50.35126,-100.98695,2020-10-15,2036,357.53,6.64,1
49.45589,-115.48168,2022-04-15,2120,0.0,0.0,0
62.07032,-137.42644,2025-09-15,1114,0.0,0.0,0
47.00782,-70.96666,2020-11-01,527,300.25,1.66,1
49.72875,-100.39978,2022-06-01,829,0.0,0.0,0
52.76187,-85.46977,2021-11-15,1832,0.0,0.0,0
50.90702,-80.25477,2020-09-01,933,0.0,0.0,0
49.18797,-83.01598,2024-11-01,1841,0.0,0.0,0
54.30728,-128.58423,2021-06-15,2121,0.0,0.0,0
56.73302,-112.35424,2021-10-01,2057,0.0,0.0,0
50.67694,-97.35504,2020-09-01,752,0.0,0.0,0
80.94202,-74.28753,2020-09-15,1634,0.0,0.0,0
52.73098,-111.78696,2023-10-01,1928,357.07,13.91,1
47.02268,-71.56942,2025-05-01,1707,332.81,3.52,1
64.56535,-140.3371,2023-08-15,2235,354.46,19.32,1
55.35736,-126.59495,2024-11-15,931,303.23,1.45,1
55.74263,-106.24432,2023-07-01,1814,367.0,26.34,1
52.48991,-112.6701,2020-06-15,2023,344.71,4.86,1
55.87683,-118.17094,2020-05-15,2006,0.0,0.0,0
55.55947,-105.71655,2022-09-01,1935,367.0,16.58,1
65.02696,-116.11016,2024-08-01,2053,0.0,0.0,0
59.74056,-109.24879,2021-08-01,1008,320.67,1.94,1
50.6679,-102.23082,2021-09-15,1915,0.0,0.0,0
59.90804,-69.61354,2022-07-15,1750,0.0,0.0,0
45.25465,-72.60347,2022-04-01,553,0.0,0.0,0
51.57589,-121.90575,2025-05-01,2032,0.0,0.0,0
49.78887,-103.19651,2024-04-01,908,0.0,0.0,0
45.49256,-65.46787,2021-08-15,727,0.0,0.0,0
58.36839,-116.2752,2025-11-15,1031,321.61,2.82,1
49.91427,-125.52122,2025-11-01,2124,330.6,4.74,1
52.24991,-113.02196,2024-09-01,2108,351.64,4.54,1
55.13245,-63.96222,2024-10-15,1901,0.0,0.0,0
51.89073,-91.44982,2025-06-15,1947,367.0,30.76,1
63.53757,-139.54878,2025-09-01,1216,295.5,0.75,1
46.20827,-66.21419,2021-04-15,1658,0.0,0.0,0
61.71548,-111.72995,2020-07-01,852,0.0,0.0,0
69.91969,-95.59846,2020-06-01,1801,0.0,0.0,0
59.18563,-119.48315,2022-06-01,2000,0.0,0.0,0
49.46788,-123.68747,2023-11-15,2205,325.57,5.11,1
68.16874,-94.00818,2020-11-15,1106,0.0,0.0,0
53.36805,-111.9114,2021-10-01,2056,349.7,54.56,1
67.84073,-136.1305,2020-05-15,2003,0.0,0.0,0
48.4249,-71.17265,2022-07-15,624,295.36,0.79,1
82.09869,-63.70414,2020-10-01,1001,325.36,0.06,1
49.15704,-120.0583,2021-04-15,2023,328.84,9.92,1
50.44954,-97.79518,2024-11-01,1842,345.28,10.99,1
57.24066,-110.99529,2024-11-15,1110,0.0,0.0,0
50.45918,-99.08363,2022-09-01,1933,333.03,3.54,1
53.17724,-74.21295,2021-07-01,1618,0.0,0.0,0
55.15692,-96.26208,2024-08-15,1803,0.0,0.0,0
62.10132,-115.15206,2025-07-01,1811,0.0,0.0,0
56.87512,-123.18338,2024-05-15,2154,0.0,0.0,0
62.71314,-119.415,2024-07-01,2033,347.06,56.24,1
51.69288,-114.48346,2022-05-15,848,301.45,0.92,1
58.02246,-64.74081,2022-06-15,1712,0.0,0.0,0
52.7505,-119.95565,2024-08-15,958,0.0,0.0,0
51.32853,-86.40082,2020-08-15,810,0.0,0.0,0
50.72275,-126.3948,2024-09-15,1157,0.0,0.0,0
69.43903,-115.77973,2025-10-01,1741,0.0,0.0,0
63.6832,-118.99995,2025-08-01,834,0.0,0.0,0
62.51695,-92.84153,2024-10-01,1015,0.0,0.0,0
57.62586,-111.59511,2024-05-01,944,0.0,0.0,0
44.32974,-76.18142,2024-09-01,619,0.0,0.0,0
51.82655,-121.49183,2025-05-01,2032,330.13,2.89,1
80.93721,-70.4723,2021-10-15,1952,0.0,0.0,0
53.57978,-112.60155,2024-09-15,2006,0.0,0.0,0
48.67708,-78.81306,2025-08-15,735,0.0,0.0,0
47.48495,-83.23304,2025-08-15,1720,0.0,0.0,0
54.78021,-109.50588,2020-08-01,2043,0.0,0.0,0
45.09131,-63.92015,2024-08-15,1622,335.86,6.78,1
55.66245,-87.54635,2024-07-01,1849,0.0,0.0,0
71.88777,-105.4272,2020-09-15,1634,0.0,0.0,0
53.4696,-102.73521,2024-05-01,804,0.0,0.0,0
54.53092,-125.36017,2021-11-15,2155,357.77,42.39,1
46.47409,-67.23267,2025-09-15,1740,0.0,0.0,0
54.87019,-119.12439,2025-04-01,1004,295.4,0.62,1
52.32888,-90.98067,2021-08-15,1855,0.0,0.0,0
64.21638,-112.51594,2023-07-15,859,0.0,0.0,0
50.65881,-84.96939,2021-07-15,848,299.0,1.15,1
56.89394,-112.33973,2020-08-15,950,0.0,0.0,0
45.25992,-81.48685,2025-06-15,1804,0.0,0.0,0
46.01368,-66.84826,2023-06-01,1732,333.24,2.29,1
63.07118,-133.61793,2021-04-01,1946,0.0,0.0,0
50.29501,-90.07821,2023-08-15,740,0.0,0.0,0
58.84166,-116.4634,2022-04-15,950,0.0,0.0,0
53.3699,-124.67261,2020-10-15,1048,333.05,3.65,1
55.04076,-112.99504,2023-11-15,1035,0.0,0.0,0
46.99336,-80.37392,2020-08-15,630,0.0,0.0,0
42.07098,-82.31932,2022-09-15,704,0.0,0.0,0
47.59275,-71.24627,2020-11-01,527,0.0,0.0,0
58.54385,-113.20395,2023-10-01,1930,0.0,0.0,0
52.18456,-99.34898,2023-07-01,824,0.0,0.0,0
50.28378,-110.42409,2024-04-15,946,0.0,0.0,0
53.84184,-95.41,2025-10-01,1924,0.0,0.0,0
63.38515,-91.55354,2023-07-01,1814,0.0,0.0,0
54.33035,-113.63482,2020-05-01,938,0.0,0.0,0
54.59412,-126.0543,2021-10-01,1107,345.67,5.63,1
76.59654,-117.65063,2020-04-01,721,0.0,0.0,0
53.80363,-111.19984,2021-11-01,1935,0.0,0.0,0
54.69471,-103.52917,2021-11-15,1832,0.0,0.0,0
49.57335,-115.23217,2021-05-15,933,0.0,0.0,0
52.51655,-110.1326,2023-04-15,1858,0.0,0.0,0
53.91895,-113.56794,2020-05-01,938,0.0,0.0,0
52.73606,-87.22457,2025-06-01,1729,367.0,11.79,1
61.79908,-135.57915,2025-07-01,2132,0.0,0.0,0
53.94232,-127.35828,2024-11-15,2102,0.0,0.0,0
60.41433,-127.78605,2025-05-01,1707,0.0,0.0,0
47.06149,-79.27415,2022-05-01,1757,0.0,0.0,0
51.2876,-98.16842,2020-05-15,835,0.0,0.0,0
43.82304,-78.6123,2023-05-15,1751,0.0,0.0,0
49.94961,-109.80498,2022-09-01,1125,0.0,0.0,0
66.3661,-118.67151,2024-10-01,1015,0.0,0.0,0
50.77434,-116.71692,2022-04-01,914,0.0,0.0,0
45.62022,-71.60382,2025-07-01,639,305.62,0.91,1
52.33801,-124.38999,2025-08-01,2148,0.0,0.0,0
62.65438,-136.17722,2025-09-01,1845,0.0,0.0,0
49.15962,-121.37633,2025-07-15,2206,0.0,0.0,0
58.72625,-127.92745,2025-10-15,1153,310.38,1.61,1
54.10121,-116.61665,2021-07-01,951,315.59,1.26,1
55.02971,-120.51287,2022-09-01,2116,367.0,347.48,1
53.25616,-115.23234,2025-11-15,1033,336.61,4.9,1
52.83923,-114.28499,2024-08-01,1100,0.0,0.0,0
45.89777,-82.28469,2024-06-15,1846,325.9,2.05,1
60.60169,-95.11977,2021-07-15,1836,0.0,0.0,0
54.52075,-88.6675,2020-07-15,1920,357.23,37.05,1
49.82067,-100.56709,2020-05-15,2004,344.34,5.19,1
51.50611,-118.15012,2023-11-01,959,337.0,4.87,1
56.08871,-123.06689,2024-11-01,2025,0.0,0.0,0
69.37096,-96.0847,2023-10-15,1017,0.0,0.0,0
58.58554,-116.97129,2022-06-01,1008,336.35,2.0,1
51.28234,-101.95978,2024-06-15,901,0.0,0.0,0
53.42974,-90.26768,2025-09-01,1845,367.0,38.74,1
51.64868,-100.53675,2023-05-01,2038,347.47,4.96,1
49.28107,-117.66698,2021-07-01,1939,367.0,83.0,1
59.06177,-117.08854,2023-07-15,2034,367.0,116.36,1
62.4625,-133.34233,2023-09-01,2035,0.0,0.0,0
52.85949,-108.14673,2022-11-01,1851,349.23,12.57,1
46.18814,-66.50889,2025-05-15,1745,0.0,0.0,0
56.58949,-111.1624,2024-07-01,1851,0.0,0.0,0
57.77142,-114.27107,2021-07-01,1941,0.0,0.0,0
57.07428,-123.39415,2022-09-15,1023,0.0,0.0,0
57.11815,-121.7236,2021-04-15,2025,335.29,4.7,1
56.24422,-125.44415,2021-08-01,2141,343.14,76.7,1
62.76225,-137.7267,2024-07-01,1039,311.14,2.48,1
51.25031,-116.4091,2025-04-01,1005,0.0,0.0,0
49.68059,-122.35757,2020-05-01,940,0.0,0.0,0
56.94289,-62.05552,2023-07-15,1710,325.32,2.74,1
51.43051,-104.88866,2021-06-01,2042,367.0,11.29,1
50.77234,-119.71488,2021-04-15,2204,336.43,5.36,1
57.44792,-123.50666,2022-10-15,1100,311.6,1.72,1
57.02728,-93.74957,2023-07-01,1814,0.0,0.0,0
54.53279,-118.35638,2025-07-15,2027,335.23,3.21,1
67.30957,-125.09986,2025-08-01,1017,0.0,0.0,0
50.78586,-115.17157,2025-06-15,1000,0.0,0.0,0
50.86281,-125.42804,2024-10-15,2223,0.0,0.0,0
64.37363,-97.07716,2023-05-15,1751,0.0,0.0,0
73.55447,-78.65566,2020-06-01,1801,0.0,0.0,0
44.93722,-64.73434,2025-10-01,1740,367.0,11.78,1
51.33601,-85.64027,2020-08-15,1758,344.07,8.77,1
52.23739,-108.56838,2024-09-01,1928,348.64,73.21,1
63.79591,-140.44363,2024-08-15,2312,0.0,0.0,0
50.88446,-100.38043,2021-06-15,951,0.0,0.0,0
49.27295,-99.23064,2023-06-15,1812,338.44,9.54,1
53.10548,-99.8223,2020-10-01,829,327.13,4.07,1
55.33504,-119.22203,2024-04-15,1125,315.61,1.49,1
53.61855,-122.26133,2025-10-15,2003,329.45,3.61,1
69.07543,-125.66735,2021-09-15,1732,0.0,0.0,0
49.22581,-100.43015,2025-10-01,1923,342.31,7.22,1
57.07626,-112.20466,2024-05-01,944,0.0,0.0,0
52.84901,-112.68958,2025-08-01,2007,332.57,1.17,1
72.45888,-105.68858,2024-06-15,1706,0.0,0.0,0
49.12568,-97.49893,2020-09-15,1817,328.76,2.03,1
45.66346,-65.39867,2020-11-15,605,0.0,0.0,0
64.90688,-106.69756,2023-11-01,819,0.0,0.0,0
54.01972,-128.6727,2025-07-15,1217,367.0,8.86,1
57.17299,-118.89957,2023-07-01,1955,0.0,0.0,0
57.55906,-114.81829,2023-09-01,2033,367.0,176.96,1
52.40307,-113.24097,2024-09-15,2005,344.58,10.6,1
49.0875,-74.12758,2023-06-15,1631,0.0,0.0,0
79.71762,-87.87143,2022-11-01,1850,0.0,0.0,0
53.74396,-102.64573,2021-10-01,745,0.0,0.0,0
51.09082,-87.65941,2023-08-01,1831,0.0,0.0,0
49.73499,-101.21033,2021-09-01,849,297.39,0.22,1
66.40577,-124.10356,2021-04-15,2023,0.0,0.0,0
50.49332,-99.7504,2023-11-15,1843,0.0,0.0,0
47.44639,-71.83839,2025-05-01,1707,0.0,0.0,0
51.18656,-118.92446,2023-09-15,1929,0.0,0.0,0
54.57327,-119.66622,2023-10-01,1119,0.0,0.0,0
48.7656,-65.62402,2025-06-15,637,0.0,0.0,0
61.04731,-111.65151,2022-06-15,1858,0.0,0.0,0
48.76977,-90.86957,2025-05-15,800,0.0,0.0,0
51.42067,-85.05691,2020-08-15,1758,0.0,0.0,0
51.08052,-122.26488,2022-09-15,1024,298.73,0.93,1
59.39531,-122.75529,2025-10-15,2005,325.63,2.18,1
58.37875,-116.99297,2025-11-01,1134,367.0,30.0,1
50.84846,-126.09824,2022-11-01,1043,0.0,0.0,0
52.26047,-93.60935,2021-11-15,1832,0.0,0.0,0
50.5793,-105.35659,2022-04-01,914,0.0,0.0,0
56.91634,-121.68422,2022-05-01,950,306.75,1.84,1
51.60651,-108.07913,2024-11-01,1843,0.0,0.0,0
57.54448,-106.42115,2021-08-01,2000,342.14,77.26,1
55.53848,-120.51617,2023-11-15,1846,332.08,5.63,1
82.40185,-67.24202,2020-10-01,1001,0.0,0.0,0
46.67585,-70.56715,2025-05-15,1745,0.0,0.0,0
55.62556,-116.48524,2020-11-01,2019,328.0,1.95,1
58.0647,-109.89349,2022-07-01,1858,0.0,0.0,0
50.42465,-90.76148,2021-06-15,1938,0.0,0.0,0
58.80992,-126.98739,2023-10-15,1016,0.0,0.0,0
53.34639,-114.23698,2021-04-01,1946,0.0,0.0,0
82.7354,-75.84271,2023-07-15,1043,0.0,0.0,0
54.50146,-128.59303,2021-04-15,2024,334.27,4.5,1
53.18681,-125.80143,2025-09-15,2105,0.0,0.0,0
50.5987,-94.86512,2025-09-15,1923,0.0,0.0,0
61.19883,-135.38127,2025-11-01,1948,0.0,0.0,0
46.39732,-62.68548,2025-04-15,1706,0.0,0.0,0
50.93403,-110.33349,2025-05-01,1707,0.0,0.0,0
46.43658,-73.38519,2023-11-01,817,0.0,0.0,0
56.76466,-119.396,2021-08-01,1818,0.0,0.0,0
51.29876,-117.79395,2023-11-01,959,0.0,0.0,0
46.18632,-63.26475,2020-09-15,1634,0.0,0.0,0
46.41322,-80.42559,2020-04-01,721,0.0,0.0,0
50.83479,-118.96202,2021-06-01,2042,0.0,0.0,0
46.97517,-67.57501,2020-05-15,1640,344.31,5.82,1
65.59088,-90.87587,2023-11-15,1844,0.0,0.0,0
66.92338,-138.2161,2023-08-15,1059,0.0,0.0,0
53.16223,-121.32178,2020-04-01,721,0.0,0.0,0
43.03461,-81.1661,2024-04-15,1750,0.0,0.0,0
52.04791,-59.32899,2020-08-15,1758,367.0,49.02,1
75.3177,-116.9396,2022-10-15,1103,0.0,0.0,0
54.0076,-119.10307,2022-06-01,1009,301.51,0.85,1
43.2106,-81.21797,2025-04-01,1809,0.0,0.0,0
65.68082,-129.4696,2023-07-15,2217,338.38,5.57,1
65.76997,-128.23767,2021-09-01,2203,367.0,6.21,1
49.35106,-122.25426,2020-10-01,1012,0.0,0.0,0
51.16629,-77.54094,2020-10-15,1712,0.0,0.0,0
49.62445,-114.26249,2023-08-01,2012,0.0,0.0,0
51.42479,-103.25329,2022-11-01,902,0.0,0.0,0
54.46366,-99.38962,2025-09-01,856,0.0,0.0,0
63.25984,-113.38903,2025-09-01,2029,0.0,0.0,0
63.1839,-140.76686,2024-08-15,2312,367.0,8.73,1
54.04537,-121.47832,2022-11-15,2109,339.91,9.15,1
55.72678,-126.17612,2020-11-01,2019,0.0,0.0,0
50.98063,-62.71767,2022-11-15,2108,0.0,0.0,0
45.74455,-82.30293,2024-07-01,1849,0.0,0.0,0
48.26926,-79.68709,2024-08-01,1907,0.0,0.0,0
52.87226,-105.34906,2022-06-15,907,295.97,0.63,1
49.59018,-117.07974,2025-04-15,2030,348.15,5.86,1
51.96669,-113.37429,2022-10-15,1101,0.0,0.0,0
57.44601,-63.41127,2020-08-15,1756,0.0,0.0,0
47.09906,-72.08559,2021-10-01,1107,0.0,0.0,0
60.86286,-109.68989,2023-07-15,2034,0.0,0.0,0
53.83664,-89.16677,2024-09-01,1927,335.1,7.19,1
56.57338,-70.20372,2022-11-15,2108,0.0,0.0,0
53.42141,-109.232,2022-11-15,939,338.29,4.63,1
45.80057,-75.5301,2024-06-15,1706,0.0,0.0,0
50.45695,-98.15447,2021-05-15,1919,0.0,0.0,0
49.03839,-96.94321,2024-10-01,836,318.31,0.9,1
49.1401,-113.11839,2020-10-15,2036,0.0,0.0,0
65.82134,-117.32917,2021-07-15,2022,334.73,3.17,1
49.07327,-104.07847,2021-08-15,908,299.75,0.45,1
53.8887,-114.95753,2021-04-01,2127,356.05,12.39,1
69.59388,-103.24515,2020-09-15,1634,0.0,0.0,0
50.68198,-98.7594,2024-10-15,1901,330.62,5.34,1
54.06948,-77.73955,2025-06-15,1807,0.0,0.0,0
72.09795,-95.34887,2024-11-15,1919,0.0,0.0,0
58.38957,-115.90997,2025-08-15,2046,332.18,5.51,1
46.18609,-81.1844,2024-04-15,625,0.0,0.0,0
67.12674,-137.99936,2021-07-15,2203,0.0,0.0,0
65.2232,-129.69031,2023-07-15,2217,0.0,0.0,0
46.92157,-80.57503,2024-05-15,1828,0.0,0.0,0
75.52298,-99.6186,2022-09-01,1125,0.0,0.0,0
52.66086,-105.41808,2023-05-01,2039,0.0,0.0,0
50.13049,-80.25807,2023-08-15,1908,0.0,0.0,0
49.85823,-124.50098,2025-08-01,1020,0.0,0.0,0
56.75431,-108.63612,2025-09-01,2027,342.73,42.37,1
55.03025,-110.32593,2020-06-15,1034,0.0,0.0,0
52.52026,-113.92211,2021-11-01,1935,342.8,5.46,1
68.76497,-127.23093,2021-07-15,1836,0.0,0.0,0
46.2882,-63.67403,2021-04-15,1659,350.73,9.24,1
45.60339,-66.70717,2025-08-15,555,0.0,0.0,0
49.28981,-118.62436,2020-08-01,1055,0.0,0.0,0
65.78572,-95.68151,2021-09-01,849,0.0,0.0,0
54.20284,-114.24399,2021-10-15,2135,357.31,18.52,1
61.11657,-104.85047,2022-06-15,1858,356.85,13.68,1
62.11632,-132.62042,2022-04-15,811,0.0,0.0,0
65.55372,-73.34413,2022-06-01,1008,0.0,0.0,0
54.68148,-98.86808,2025-07-01,1948,0.0,0.0,0
51.00258,-99.55523,2020-06-15,2023,367.0,10.98,1
62.40611,-123.88783,2022-10-15,1103,0.0,0.0,0
52.79693,-71.60974,2023-05-15,1751,0.0,0.0,0
53.63908,-101.97645,2023-10-15,2006,0.0,0.0,0
52.98215,-108.48631,2025-10-15,1013,0.0,0.0,0
81.83302,-80.38202,2025-04-15,2030,0.0,0.0,0
57.82892,-112.11348,2025-07-01,1808,0.0,0.0,0
53.3503,-62.80047,2021-10-01,1107,0.0,0.0,0
49.23512,-75.06517,2023-06-15,1631,367.0,155.66,1
53.20931,-112.82183,2021-09-15,2056,0.0,0.0,0
49.8646,-114.05287,2021-10-01,928,0.0,0.0,0
50.42453,-106.43122,2021-04-01,1945,330.74,4.05,1
42.58717,-82.53278,2022-06-15,728,0.0,0.0,0
58.75935,-65.54875,2022-06-01,1008,0.0,0.0,0
43.65159,-80.08097,2025-08-01,659,0.0,0.0,0
51.32059,-113.9019,2020-06-15,2023,335.02,3.56,1
80.10205,-91.2545,2022-05-15,1833,0.0,0.0,0
66.9802,-136.61176,2023-08-15,1059,305.22,1.39,1
50.54586,-118.99796,2021-06-01,2042,336.23,4.83,1
45.39532,-63.63139,2020-10-15,1712,329.95,4.22,1
45.52012,-77.34596,2023-06-01,1914,0.0,0.0,0
55.3725,-117.1554,2020-10-15,1857,347.47,4.67,1
54.68879,-123.60254,2021-07-01,1941,0.0,0.0,0
54.87262,-87.28527,2024-09-15,1821,0.0,0.0,0
45.18761,-74.61411,2021-09-15,1732,335.02,5.2,1
53.11612,-124.47435,2024-09-01,2109,328.06,4.05,1
52.70229,-101.64617,2020-07-15,751,0.0,0.0,0
49.06906,-116.11417,2022-04-15,2120,325.3,2.33,1
49.28175,-119.08705,2024-11-15,2100,342.64,5.92,1
59.17535,-128.15732,2024-08-15,1137,351.87,4.96,1
65.43703,-127.44422,2021-09-01,2203,0.0,0.0,0
51.6371,-124.82759,2024-09-15,1821,0.0,0.0,0
58.15569,-68.35965,2020-09-01,1740,333.87,2.12,1
66.35679,-99.41837,2025-11-15,1841,0.0,0.0,0
51.6911,-125.04199,2023-10-01,940,332.4,4.96,1
55.09407,-104.54159,2024-05-15,1832,0.0,0.0,0
61.67894,-134.28178,2024-04-15,1750,0.0,0.0,0
61.10564,-108.91133,2025-10-15,1818,0.0,0.0,0
63.42384,-117.81524,2024-04-15,1750,0.0,0.0,0
47.87597,-71.06665,2022-07-15,624,0.0,0.0,0
52.18887,-98.7683,2023-07-01,824,318.71,2.69,1
61.82642,-135.17283,2023-07-15,2035,0.0,0.0,0
44.43057,-79.30945,2024-08-01,741,0.0,0.0,0
52.85731,-105.63313,2024-10-15,912,344.37,5.62,1
53.44429,-105.37398,2022-08-15,1953,339.99,4.46,1
67.17721,-86.47952,2021-08-01,1818,0.0,0.0,0
55.686,-124.96459,2022-11-15,2110,0.0,0.0,0
45.96567,-80.93721,2020-09-15,650,0.0,0.0,0
71.34492,-80.97184,2021-06-15,951,0.0,0.0,0
52.01915,-86.61716,2025-09-01,1845,0.0,0.0,0
61.94951,-111.7696,2025-08-01,1016,0.0,0.0,0
51.06778,-116.88787,2024-11-01,1035,328.59,3.92,1
55.90993,-118.71755,2022-04-01,913,0.0,0.0,0
56.77288,-116.39499,2022-04-01,2044,0.0,0.0,0
46.59597,-83.99713,2025-07-01,1805,0.0,0.0,0
56.59099,-95.53534,2020-09-01,933,0.0,0.0,0
53.12027,-124.82724,2024-11-01,1035,329.99,3.33,1
55.42232,-126.14342,2020-11-01,2019,354.85,24.51,1
52.06749,-123.59543,2023-09-01,1043,296.75,1.19,1
51.22104,-119.76164,2021-10-01,927,304.0,1.34,1
50.65372,-74.94308,2024-09-01,1927,0.0,0.0,0
64.37576,-120.38081,2025-08-15,2048,367.0,163.55,1
52.45196,-121.75635,2024-10-15,2042,331.05,2.77,1
55.88986,-76.75744,2023-07-01,1814,0.0,0.0,0
60.44915,-111.87127,2022-10-01,1021,347.06,8.0,1
58.57405,-122.57172,2022-06-15,2038,325.15,1.78,1
45.26415,-63.4371,2020-11-01,1653,341.66,4.3,1
58.61284,-106.69512,2023-07-01,1955,0.0,0.0,0
63.47413,-140.25108,2021-06-15,951,0.0,0.0,0
80.55976,-77.36615,2020-11-01,2018,0.0,0.0,0
50.87292,-122.92068,2023-08-01,1025,367.0,15.05,1
82.36769,-77.22851,2024-10-15,1901,0.0,0.0,0
49.82937,-123.11844,2025-09-15,2104,0.0,0.0,0
51.7254,-86.16991,2025-09-01,1845,339.01,4.86,1
53.264,-103.43173,2022-09-15,1832,367.0,22.13,1
45.56878,-65.90113,2020-08-01,552,0.0,0.0,0
56.14809,-87.84182,2022-07-01,1858,0.0,0.0,0
79.7272,-94.73094,2024-08-01,1907,0.0,0.0,0
54.90766,-112.77034,2022-10-01,2013,332.49,3.44,1
46.36222,-77.50931,2023-04-15,1715,0.0,0.0,0
62.46906,-131.033,2020-06-15,1033,301.6,1.12,1
53.96613,-114.16328,2020-11-15,1106,367.0,9.08,1
53.60456,-128.83486,2025-06-15,959,0.0,0.0,0
57.20194,-102.74115,2023-05-15,1936,347.23,28.34,1
54.74539,-91.27448,2024-07-01,1849,0.0,0.0,0
61.7736,-131.00802,2025-06-01,1102,0.0,0.0,0
49.24772,-121.81084,2021-05-15,2100,332.71,2.45,1
59.73392,-110.87166,2020-07-01,852,0.0,0.0,0
52.88033,-122.89122,2020-11-15,1106,0.0,0.0,0
44.89085,-75.43631,2024-10-01,1821,328.45,2.66,1
50.37665,-103.97563,2020-04-15,1926,330.34,1.73,1
49.43096,-104.72003,2021-08-15,908,0.0,0.0,0
54.07768,-125.20267,2021-07-01,1131,0.0,0.0,0
50.07757,-68.12927,2023-08-01,1829,0.0,0.0,0
52.72485,-95.02884,2023-08-15,1909,0.0,0.0,0
54.70046,-77.72967,2021-06-01,1900,0.0,0.0,0
50.77525,-100.56927,2023-09-01,2031,0.0,0.0,0
49.18595,-95.66656,2021-06-01,913,0.0,0.0,0
50.91641,-78.62793,2023-08-15,1908,367.0,5.55,1
50.87803,-101.37057,2024-06-15,901,297.58,0.52,1
52.13597,-123.87055,2024-11-15,1921,356.93,46.33,1
42.76027,-82.45824,2025-06-01,1726,353.75,6.96,1
49.63851,-101.68433,2025-10-01,1923,332.95,2.12,1
53.64964,-121.85743,2020-10-15,1048,0.0,0.0,0
64.90165,-125.43704,2023-09-15,2113,367.0,46.01,1
46.71735,-71.80564,2020-11-15,605,0.0,0.0,0
64.55202,-132.72044,2022-06-01,2143,0.0,0.0,0
49.59033,-102.56087,2025-04-15,2030,367.0,10.89,1
52.72162,-126.51597,2023-10-15,1017,0.0,0.0,0
52.13192,-113.66314,2024-09-01,2108,0.0,0.0,0
60.70441,-111.33788,2022-10-01,1021,0.0,0.0,0
76.54745,-108.93409,2024-05-15,1827,0.0,0.0,0
52.10812,-108.03001,2020-09-01,2102,0.0,0.0,0
54.73454,-105.90478,2020-04-01,721,0.0,0.0,0
69.38159,-72.31784,2021-04-15,2023,0.0,0.0,0
45.36645,-61.60484,2020-10-01,1815,0.0,0.0,0
52.36618,-103.89099,2020-07-15,2101,367.0,24.27,1
53.78309,-111.51607,2024-10-15,1902,0.0,0.0,0
56.68308,-107.74833,2025-07-01,1809,0.0,0.0,0
44.65856,-65.21397,2025-08-15,1720,367.0,116.74,1
60.03027,-121.98319,2025-08-15,2047,344.57,4.73,1
60.88037,-136.51179,2023-10-15,1017,0.0,0.0,0
51.60716,-109.25003,2020-04-15,1927,327.52,4.81,1
50.60177,-120.79711,2020-11-15,2055,343.75,6.72,1
60.04393,-113.67171,2023-05-01,2038,0.0,0.0,0
55.67697,-76.81974,2025-08-15,1720,0.0,0.0,0
51.9702,-115.03877,2025-04-01,1004,298.14,0.82,1
50.69899,-121.97693,2022-07-15,946,0.0,0.0,0
52.81733,-120.51141,2022-11-01,2031,0.0,0.0,0
46.17747,-74.49299,2021-10-01,747,0.0,0.0,0
69.79181,-97.4597,2020-09-01,933,0.0,0.0,0
48.28823,-78.49505,2023-10-01,1745,0.0,0.0,0
72.49829,-121.45241,2021-05-01,1841,0.0,0.0,0
47.66087,-75.38384,2023-06-01,1733,0.0,0.0,0
44.52662,-81.17924,2023-09-01,1848,326.03,1.61,1
53.92665,-106.66604,2025-07-15,856,0.0,0.0,0
44.25809,-79.1204,2025-08-01,1823,345.83,10.59,1
50.84905,-114.8498,2023-07-15,903,0.0,0.0,0
53.33165,-116.8124,2024-04-01,1048,0.0,0.0,0
53.04801,-106.90727,2020-08-01,2043,0.0,0.0,0
52.94409,-77.705,2023-10-01,1746,355.33,14.17,1
62.86148,-131.63603,2020-06-15,1033,0.0,0.0,0
51.94103,-100.7959,2023-06-01,1733,0.0,0.0,0
49.00273,-101.43587,2020-11-01,2016,350.15,11.3,1
44.07715,-79.53185,2024-08-01,741,314.39,1.34,1
80.94438,-84.48329,2022-09-15,1024,0.0,0.0,0
42.09889,-81.64798,2023-11-01,639,0.0,0.0,0
49.95763,-101.36881,2023-10-15,1824,367.0,8.16,1
60.25713,-128.6357,2020-05-15,2003,0.0,0.0,0
54.90577,-125.0112,2024-11-01,2205,0.0,0.0,0
42.49452,-79.95886,2020-04-01,1845,0.0,0.0,0
49.769,-98.13657,2020-04-15,1926,336.2,3.8,1
50.23281,-102.39359,2021-09-15,1915,335.5,8.13,1
51.72251,-109.64842,2020-04-15,1927,0.0,0.0,0
58.86117,-116.79855,2022-06-01,1008,0.0,0.0,0
53.43499,-123.94864,2024-09-01,2109,0.0,0.0,0
52.47387,-121.09057,2022-11-01,2031,367.0,86.88,1
49.55868,-103.45282,2020-06-01,1944,0.0,0.0,0
53.73672,-66.95562,2024-07-01,1528,0.0,0.0,0
66.17263,-98.90412,2021-09-15,1732,0.0,0.0,0
65.06844,-96.98834,2020-05-01,939,0.0,0.0,0
59.98425,-108.69405,2022-06-15,1858,367.0,361.34,1
53.73307,-115.11654,2025-11-15,1033,0.0,0.0,0
46.97585,-81.67376,2020-04-01,720,0.0,0.0,0
55.39894,-129.24537,2021-06-15,951,0.0,0.0,0
51.25861,-114.81816,2023-10-15,1017,0.0,0.0,0
49.62471,-103.06594,2024-06-15,901,337.37,2.91,1
66.37576,-117.1901,2022-07-15,2119,356.26,15.35,1
49.66314,-97.88507,2024-06-15,1848,0.0,0.0,0
51.96861,-115.82182,2025-11-01,955,297.39,0.88,1
48.90608,-81.66615,2022-06-01,1008,0.0,0.0,0
48.83488,-92.05892,2025-05-15,800,0.0,0.0,0
44.76553,-76.68668,2020-07-01,715,0.0,0.0,0
62.00426,-134.58459,2023-07-15,2035,367.0,137.55,1
43.13188,-80.58387,2025-04-01,1809,328.5,1.82,1
43.66573,-79.16434,2023-10-01,619,0.0,0.0,0
53.48507,-125.74097,2021-08-01,1151,367.0,10.87,1
46.38207,-64.55817,2021-04-15,1659,0.0,0.0,0
52.83375,-109.73326,2020-09-01,932,0.0,0.0,0
63.36558,-115.68116,2023-07-01,821,0.0,0.0,0
52.48859,-120.13138,2022-11-15,940,0.0,0.0,0
49.29325,-121.25187,2021-05-15,933,306.15,1.15,1
65.82446,-63.01705,2021-09-01,849,0.0,0.0,0
55.17852,-74.46305,2022-06-15,1714,367.0,55.83,1
56.2542,-108.13239,2022-07-01,2037,337.97,5.27,1
72.7814,-86.46031,2023-11-01,819,0.0,0.0,0
51.71978,-124.25891,2023-10-01,940,0.0,0.0,0
51.89052,-102.59712,2023-11-15,2024,0.0,0.0,0
60.21478,-118.61691,2023-06-01,926,367.0,13.35,1
59.37074,-117.90008,2024-09-01,2110,0.0,0.0,0
64.46744,-83.31887,2023-07-15,1043,0.0,0.0,0
55.46046,-96.22187,2021-07-15,1837,367.0,102.17,1
53.1553,-122.76624,2020-11-15,1106,296.37,0.93,1
59.77172,-107.39103,2022-07-15,1750,0.0,0.0,0
59.0036,-106.97465,2023-07-01,1955,336.78,6.88,1
55.64047,-122.87191,2025-10-15,2004,0.0,0.0,0
51.02443,-124.96137,2022-11-15,2109,334.19,56.05,1
49.97208,-112.55498,2022-05-15,849,336.99,8.06,1
55.88779,-107.13065,2024-08-01,919,355.96,4.91,1
73.46448,-122.90593,2025-08-01,1017,0.0,0.0,0
49.91219,-121.51701,2020-10-15,1049,312.91,1.27,1
64.53558,-66.09303,2023-09-15,1745,0.0,0.0,0
64.50876,-126.19343,2023-09-15,2113,0.0,0.0,0
57.59076,-102.30623,2022-07-15,1935,0.0,0.0,0
49.96778,-112.77528,2020-05-15,2004,330.36,1.23,1
51.08161,-96.50712,2025-06-15,1807,0.0,0.0,0
52.07722,-107.5669,2022-05-01,1940,0.0,0.0,0
54.32,-110.00633,2020-10-15,1857,343.24,5.21,1
51.20137,-106.39246,2021-05-01,2023,340.76,5.94,1
49.59104,-120.2539,2021-09-15,1108,0.0,0.0,0
52.75362,-104.92099,2022-06-15,907,0.0,0.0,0
49.55329,-116.44755,2022-11-15,2108,0.0,0.0,0
73.45752,-120.65101,2023-07-01,1814,0.0,0.0,0
52.67539,-113.16095,2022-04-01,914,301.01,1.19,1
58.94312,-133.92438,2021-05-15,1737,0.0,0.0,0
50.02038,-116.15963,2021-04-15,2023,0.0,0.0,0
68.10751,-131.26546,2025-07-15,2212,367.0,36.15,1
58.21585,-102.4557,2022-07-15,1935,367.0,255.43,1
60.19442,-121.06923,2025-08-15,2047,0.0,0.0,0
53.99859,-132.35105,2022-11-01,2213,0.0,0.0,0
64.76904,-119.08694,2021-08-01,1818,0.0,0.0,0
47.00855,-81.35903,2020-05-01,1924,0.0,0.0,0
54.8154,-113.62142,2020-05-15,2146,0.0,0.0,0
55.64023,-126.69893,2024-10-01,1156,328.85,2.59,1
60.30728,-109.42213,2020-07-01,852,342.31,8.8,1
58.05722,-103.23983,2024-06-15,1706,0.0,0.0,0
50.40739,-94.64471,2021-08-01,1818,367.0,23.75,1
59.13505,-111.12056,2022-07-15,2117,367.0,6.34,1
61.41495,-110.81455,2021-08-15,1713,0.0,0.0,0
49.38229,-121.59332,2025-09-01,2207,0.0,0.0,0
61.07857,-135.00053,2022-10-01,2016,0.0,0.0,0
59.70115,-124.08669,2025-06-01,920,367.0,6.68,1
44.32225,-81.06274,2020-07-01,1839,335.82,8.67,1
50.38367,-119.92829,2025-05-01,2031,0.0,0.0,0
55.91105,-89.50827,2024-09-15,1825,0.0,0.0,0
45.30964,-65.44564,2025-09-15,614,0.0,0.0,0
59.92784,-109.6803,2021-08-01,1008,0.0,0.0,0
51.91479,-101.32334,2022-10-15,1909,0.0,0.0,0
51.19361,-115.50682,2025-04-01,1005,326.25,2.78,1
52.27751,-103.00705,2023-11-15,2024,356.98,51.54,1
49.43597,-118.07439,2020-09-15,1958,0.0,0.0,0
56.82736,-122.76446,2022-09-01,1125,0.0,0.0,0
55.03703,-118.03926,2025-09-01,856,0.0,0.0,0
44.70813,-80.64639,2023-08-01,1829,0.0,0.0,0
51.81958,-115.21963,2021-06-01,2042,0.0,0.0,0
45.63957,-82.8345,2024-06-15,1846,0.0,0.0,0
74.95932,-112.54547,2023-08-01,1829,0.0,0.0,0
50.06489,-114.44591,2021-06-01,914,0.0,0.0,0
58.71104,-113.88284,2022-11-15,1930,327.25,5.58,1
68.32301,-97.32976,2023-04-01,1013,0.0,0.0,0
51.23288,-98.52947,2025-05-01,902,0.0,0.0,0
54.85921,-117.46777,2020-11-01,2018,345.3,4.99,1
46.89711,-81.00494,2022-11-15,759,0.0,0.0,0
43.50054,-79.09032,2025-07-15,1842,0.0,0.0,0
57.47543,-110.96547,2025-04-01,1003,0.0,0.0,0
60.35382,-123.15821,2021-06-01,1900,0.0,0.0,0
66.94377,-125.44864,2025-07-15,1702,0.0,0.0,0
53.79847,-113.96276,2025-05-01,1042,0.0,0.0,0
53.71466,-110.7447,2024-06-15,2030,327.03,3.89,1
53.87577,-115.66998,2021-10-01,927,0.0,0.0,0
55.19512,-115.30462,2021-06-15,951,0.0,0.0,0
42.25017,-81.3999,2025-04-15,723,0.0,0.0,0
45.0973,-76.76075,2024-11-01,714,0.0,0.0,0
42.79143,-82.11334,2025-04-15,723,0.0,0.0,0
43.65281,-77.59349,2022-05-15,709,0.0,0.0,0
51.22199,-88.07865,2025-06-01,1909,0.0,0.0,0
53.43455,-84.87179,2024-09-15,834,0.0,0.0,0
75.12092,-81.46714,2022-05-01,951,0.0,0.0,0
54.12261,-126.78689,2024-11-15,2102,348.44,4.77,1
46.03058,-75.5754,2022-04-15,811,0.0,0.0,0
44.5109,-76.0386,2021-09-15,1732,0.0,0.0,0
59.70218,-126.91293,2024-11-01,1215,0.0,0.0,0
46.78488,-84.02435,2022-04-15,811,0.0,0.0,0
58.64671,-126.63523,2025-05-15,939,0.0,0.0,0
60.63363,-108.62123,2020-07-01,852,0.0,0.0,0
65.16389,-104.59603,2024-10-01,1015,0.0,0.0,0
54.64219,-112.38192,2023-11-15,1035,296.72,0.97,1
53.75818,-103.19763,2021-09-15,1915,0.0,0.0,0
44.79012,-80.43568,2020-10-01,1815,0.0,0.0,0
49.10959,-104.40818,2021-09-15,747,0.0,0.0,0
64.41438,-118.07791,2025-08-15,1908,0.0,0.0,0
52.26733,-90.22121,2021-07-15,1836,0.0,0.0,0
68.22866,-97.01296,2025-07-01,1808,0.0,0.0,0
50.55597,-116.36533,2024-11-01,1035,302.63,1.92,1
60.10093,-129.55526,2023-09-15,1119,0.0,0.0,0
43.54186,-79.27788,2022-10-15,1725,0.0,0.0,0
54.67041,-112.9518,2021-05-15,1921,0.0,0.0,0
53.14754,-107.66081,2021-11-15,1024,331.11,12.4,1
69.38346,-67.85847,2022-11-01,1850,0.0,0.0,0
50.67842,-79.14558,2024-08-01,1907,353.82,9.94,1
57.46192,-130.31156,2025-11-15,2024,0.0,0.0,0
57.04465,-117.99283,2021-06-01,2044,0.0,0.0,0
60.26525,-123.70275,2022-09-15,1022,0.0,0.0,0
53.47888,-103.64633,2024-05-01,804,300.7,1.18,1
64.87679,-83.56292,2021-09-15,1732,0.0,0.0,0
58.16492,-117.17523,2023-09-01,2033,0.0,0.0,0
56.51388,-119.06555,2020-09-15,2141,0.0,0.0,0
65.46086,-126.01224,2023-06-15,2139,0.0,0.0,0
49.12908,-97.83226,2024-04-01,1855,0.0,0.0,0
59.67725,-112.05604,2025-06-01,2053,367.0,99.32,1
50.41002,-111.69478,2020-05-15,2004,332.38,7.91,1
68.43327,-125.95174,2020-07-01,852,0.0,0.0,0
47.42916,-74.02437,2020-10-15,1712,0.0,0.0,0
65.37851,-118.43977,2022-07-01,2040,0.0,0.0,0
64.56065,-118.50473,2020-07-01,2027,0.0,0.0,0
52.92945,-64.8693,2023-06-15,1812,0.0,0.0,0
59.16128,-129.32628,2020-08-01,1055,0.0,0.0,0
50.26596,-98.39188,2024-10-15,1901,0.0,0.0,0
51.69735,-116.55567,2022-09-01,2115,0.0,0.0,0
53.80557,-112.1169,2021-10-01,2056,0.0,0.0,0
59.24853,-112.0378,2022-07-15,2117,0.0,0.0,0
56.1682,-96.48266,2025-06-01,1911,367.0,113.12,1
76.34171,-86.16331,2021-04-15,2023,0.0,0.0,0
50.35272,-121.06085,2020-04-15,1119,0.0,0.0,0
51.90497,-98.26407,2021-06-15,951,0.0,0.0,0
56.15107,-118.95579,2022-04-01,913,0.0,0.0,0
60.2474,-116.09341,2020-10-01,1815,0.0,0.0,0
50.52341,-80.42713,2023-08-15,1908,367.0,141.03,1
59.66815,-77.3043,2022-08-15,1629,0.0,0.0,0
67.85417,-97.18454,2023-10-01,941,0.0,0.0,0
54.26382,-102.59507,2025-06-15,1804,0.0,0.0,0
52.77557,-124.7144,2025-08-01,2148,367.0,166.18,1
57.28898,-72.00171,2025-10-01,1741,0.0,0.0,0
69.65139,-121.80558,2025-04-01,1075,0.0,0.0,0
49.27545,-99.96838,2024-11-15,1919,351.56,10.81,1
50.03938,-124.32358,2023-11-15,2205,328.87,2.91,1
65.34032,-117.7903,2021-08-01,2003,0.0,0.0,0
49.04346,-120.59497,2023-11-01,959,320.16,1.65,1
58.58246,-102.91647,2024-07-01,1851,345.27,11.27,1
49.60879,-125.14742,2025-04-15,2031,0.0,0.0,0
58.35477,-114.63897,2022-07-15,944,0.0,0.0,0
52.7655,-126.79533,2024-07-01,1849,0.0,0.0,0
49.80076,-112.19324,2020-07-15,933,304.3,0.79,1
51.64055,-121.40384,2022-06-15,1048,319.41,1.07,1
61.56311,-119.95656,2025-09-01,1035,0.0,0.0,0
48.99267,-69.10757,2023-04-15,1714,0.0,0.0,0
51.22165,-115.82565,2020-05-01,939,0.0,0.0,0
75.35738,-82.41621,2022-04-15,811,0.0,0.0,0
65.0753,-119.63724,2020-07-01,2027,0.0,0.0,0
53.8773,-108.25128,2022-05-01,950,0.0,0.0,0
65.00467,-123.57546,2023-10-15,1017,0.0,0.0,0
54.22146,-116.83369,2021-10-15,1004,314.83,1.25,1
51.45237,-120.07056,2024-08-15,2127,331.7,2.94,1
50.85398,-113.9766,2021-04-01,2126,0.0,0.0,0
78.48995,-112.30845,2025-06-15,1804,0.0,0.0,0
48.15978,-53.15118,2025-07-15,535,0.0,0.0,0
49.35065,-119.27168,2020-08-01,1055,304.08,1.23,1
54.6127,-105.59557,2021-04-15,2023,0.0,0.0,0
58.43649,-121.33824,2024-05-15,2014,352.8,11.75,1
47.94526,-80.10122,2021-11-01,1752,340.76,11.17,1
52.04336,-88.12176,2025-06-01,1909,0.0,0.0,0
54.04632,-111.97461,2020-10-01,829,300.38,1.21,1
46.50092,-70.87146,2020-06-15,1659,341.05,4.49,1
60.54747,-120.08463,2024-07-01,1852,347.82,9.13,1
45.81129,-65.52708,2025-11-15,1657,325.16,2.58,1
49.41429,-95.79855,2021-06-01,1900,0.0,0.0,0
58.20493,-95.75726,2025-08-01,836,0.0,0.0,0
77.99155,-77.89912,2020-06-15,1659,0.0,0.0,0
59.09548,-119.88586,2025-07-01,2131,356.78,72.94,1
58.10197,-116.1384,2021-08-01,828,306.1,1.96,1
53.78291,-101.33742,2023-10-15,2006,339.21,30.12,1
54.09486,-83.41319,2024-10-01,834,0.0,0.0,0
54.40847,-90.53421,2024-08-01,1908,0.0,0.0,0
66.4867,-94.8404,2025-08-15,1720,0.0,0.0,0
53.84576,-120.89981,2020-08-15,1756,0.0,0.0,0
50.25324,-100.81226,2023-09-01,2031,0.0,0.0,0
76.35094,-91.15032,2023-07-15,1043,0.0,0.0,0
63.30108,-127.32774,2023-09-01,1040,0.0,0.0,0
51.42937,-90.99,2024-09-01,1927,0.0,0.0,0
55.35813,-73.9364,2022-06-15,1714,0.0,0.0,0
55.66001,-108.07619,2024-08-01,919,0.0,0.0,0
56.78804,-128.58502,2025-10-01,1116,0.0,0.0,0
49.83647,-121.2802,2022-04-01,915,0.0,0.0,0
65.75285,-92.74944,2025-10-01,1741,0.0,0.0,0
55.30695,-108.84305,2023-06-01,927,0.0,0.0,0
56.81202,-112.13213,2021-04-01,1807,0.0,0.0,0
53.01807,-125.64236,2023-10-15,1017,321.51,3.15,1
46.88732,-66.28766,2020-08-15,1756,0.0,0.0,0
57.4319,-121.38469,2020-07-15,931,0.0,0.0,0
55.21413,-121.89338,2024-10-15,2043,0.0,0.0,0
50.66659,-92.74247,2023-11-15,1843,0.0,0.0,0
50.16266,-119.15671,2023-05-01,2038,0.0,0.0,0
56.38193,-116.82396,2024-11-15,1922,0.0,0.0,0
49.14621,-125.37874,2022-09-01,947,0.0,0.0,0
52.42837,-102.24894,2025-11-15,1841,0.0,0.0,0
82.3783,-62.18673,2025-09-01,1845,0.0,0.0,0
59.62347,-105.15163,2023-08-01,1022,309.53,1.33,1
48.11792,-80.66381,2025-11-01,1801,0.0,0.0,0
52.22042,-101.11663,2020-07-15,751,340.56,3.05,1
50.40943,-112.83644,2022-05-15,849,0.0,0.0,0
52.29044,-101.69731,2025-10-01,755,0.0,0.0,0
53.41282,-100.67215,2020-06-01,956,0.0,0.0,0
76.24485,-108.65843,2021-05-15,1737,0.0,0.0,0
50.19699,-106.33461,2024-04-15,1934,339.04,3.22,1
59.7906,-75.66043,2025-06-15,1804,0.0,0.0,0
55.91673,-120.38449,2025-05-15,939,296.42,0.44,1
60.57358,-103.36254,2021-07-15,1839,333.07,3.74,1
51.24276,-95.54103,2021-07-01,810,0.0,0.0,0
57.54898,-111.8377,2023-04-15,1049,0.0,0.0,0
42.62062,-81.99873,2025-06-01,1726,0.0,0.0,0
62.98852,-93.27887,2023-05-15,1938,0.0,0.0,0
50.77735,-98.60772,2024-09-15,1824,0.0,0.0,0
54.28009,-85.25263,2024-10-01,1643,0.0,0.0,0
52.12385,-121.96865,2024-10-15,2042,0.0,0.0,0
60.79643,-107.18037,2020-07-01,852,0.0,0.0,0
67.8919,-130.26371,2023-11-01,819,0.0,0.0,0
52.82883,-125.0047,2025-09-15,2105,348.81,9.32,1
54.18036,-116.22102,2021-06-15,951,333.96,5.33,1
50.90231,-119.91126,2022-11-01,2031,325.34,2.49,1
50.70005,-79.67257,2024-08-01,1907,0.0,0.0,0
61.46193,-107.97758,2020-07-01,851,319.1,2.91,1
50.354,-124.38255,2023-11-15,2205,0.0,0.0,0
53.78862,-106.89824,2022-05-15,2017,0.0,0.0,0
56.13892,-106.05443,2023-06-15,1815,367.0,11.91,1
59.10148,-127.4919,2023-10-15,1016,304.92,1.21,1
59.30864,-122.05241,2025-05-15,2112,345.89,17.88,1
73.56378,-79.23147,2021-04-01,1946,0.0,0.0,0
50.45394,-110.50354,2022-08-15,1005,0.0,0.0,0
55.88906,-126.80432,2024-10-15,1053,0.0,0.0,0
54.5876,-120.79812,2021-07-15,2019,0.0,0.0,0
54.51624,-123.53717,2023-09-15,939,367.0,43.37,1
74.7017,-81.9336,2023-06-15,1812,0.0,0.0,0
56.19183,-120.38284,2025-11-15,2023,354.47,40.82,1
69.09964,-113.01553,2024-11-15,1919,0.0,0.0,0
73.03957,-122.69589,2023-06-01,1733,0.0,0.0,0
66.81742,-63.95379,2022-06-15,1712,0.0,0.0,0
55.73397,-61.11511,2020-06-15,1659,0.0,0.0,0
61.60568,-113.31182,2021-07-01,1755,0.0,0.0,0
60.08952,-111.08238,2020-07-01,852,297.62,1.78,1
47.0287,-75.42458,2022-05-01,951,0.0,0.0,0
49.55798,-83.93669,2024-08-15,1804,0.0,0.0,0
75.98929,-106.95827,2023-05-15,1751,0.0,0.0,0
72.26911,-108.84695,2025-09-01,1845,0.0,0.0,0
52.82141,-84.86042,2023-08-01,1831,328.1,1.31,1
44.99089,-63.17065,2020-11-01,1653,0.0,0.0,0
54.21475,-115.91566,2021-07-01,951,0.0,0.0,0
50.53417,-121.58208,2020-11-15,2055,0.0,0.0,0
45.71396,-72.63435,2022-08-15,1629,367.0,20.88,1
51.10205,-126.28143,2022-11-01,2212,0.0,0.0,0
49.01367,-90.59846,2025-11-15,1839,0.0,0.0,0
55.2192,-103.8065,2024-05-15,1832,367.0,21.15,1
55.39423,-64.61184,2023-11-15,1844,0.0,0.0,0
56.48575,-111.66308,2025-05-15,2111,0.0,0.0,0
51.06546,-121.7233,2021-06-01,914,0.0,0.0,0
55.70312,-122.36329,2022-10-15,2051,367.0,12.19,1
53.04986,-118.14594,2022-09-01,946,324.7,3.27,1
56.45664,-96.69386,2021-09-01,847,320.27,1.49,1
71.91032,-122.72803,2021-05-01,1841,0.0,0.0,0
49.80374,-125.37811,2020-04-01,2030,0.0,0.0,0
52.26019,-124.62965,2024-11-15,1921,0.0,0.0,0
63.31462,-125.15096,2025-09-15,1741,0.0,0.0,0
54.34806,-118.41645,2025-09-15,2105,327.02,1.3,1
45.84741,-75.20236,2022-07-15,1750,0.0,0.0,0
52.86208,-107.13031,2023-04-15,2039,339.71,17.55,1
63.98046,-114.59481,2024-07-01,1853,341.62,9.31,1
57.12015,-114.51794,2023-09-01,2033,0.0,0.0,0
68.98993,-70.46328,2024-08-01,1907,0.0,0.0,0
59.28767,-104.2539,2023-08-01,1022,0.0,0.0,0
59.32345,-96.25283,2020-05-01,939,0.0,0.0,0
45.54827,-75.63023,2024-11-15,1737,0.0,0.0,0
50.15902,-108.88106,2020-07-01,1035,0.0,0.0,0
46.45644,-74.91298,2025-04-01,1809,0.0,0.0,0
70.65792,-96.22975,2021-11-01,1753,0.0,0.0,0
47.86045,-53.19778,2025-08-15,1540,367.0,15.77,1
64.35917,-99.65791,2022-07-15,1750,0.0,0.0,0
68.06069,-107.87983,2024-09-01,1927,0.0,0.0,0
49.4537,-99.85666,2023-06-15,1812,0.0,0.0,0
55.32789,-89.36325,2021-05-01,1841,0.0,0.0,0
58.00016,-122.77112,2022-06-15,2038,0.0,0.0,0
53.96285,-88.24128,2024-09-01,1927,0.0,0.0,0
68.94016,-88.90144,2024-11-15,1919,0.0,0.0,0
56.07666,-116.88798,2023-10-01,939,301.24,3.54,1
68.92795,-130.75808,2025-07-01,1808,0.0,0.0,0
68.30712,-138.81281,2023-10-01,941,0.0,0.0,0
49.00889,-96.22195,2021-06-01,913,308.71,1.73,1
57.15995,-113.24152,2021-07-15,2019,367.0,93.96,1
46.59981,-73.24137,2024-05-01,625,0.0,0.0,0
55.93938,-100.02439,2021-09-01,847,0.0,0.0,0
63.96766,-119.31396,2021-09-01,849,0.0,0.0,0
54.82615,-117.98336,2024-11-15,1111,0.0,0.0,0
50.27102,-95.93422,2021-05-01,2022,336.85,5.57,1
53.94633,-99.40154,2024-10-01,834,300.27,1.49,1
55.9966,-113.57398,2020-05-15,834,0.0,0.0,0
55.86025,-118.958,2023-07-15,902,0.0,0.0,0
56.61828,-108.33961,2023-08-01,842,357.14,30.52,1
51.03001,-102.81178,2021-07-01,1939,0.0,0.0,0
63.32288,-140.52919,2024-06-15,2214,0.0,0.0,0
50.79608,-104.4191,2025-09-01,2026,0.0,0.0,0
44.41818,-76.45575,2022-05-01,811,0.0,0.0,0
45.9652,-63.99599,2020-11-15,1730,336.94,7.75,1
76.45212,-100.41057,2023-07-01,1814,0.0,0.0,0
55.87798,-96.87582,2025-06-01,1911,0.0,0.0,0
55.42289,-112.17272,2020-04-15,938,0.0,0.0,0
52.5154,-88.80163,2021-07-01,1939,0.0,0.0,0
63.25755,-105.37882,2024-11-01,1215,0.0,0.0,0
49.865,-114.41617,2021-09-01,1030,0.0,0.0,0
59.24191,-97.88337,2021-06-01,1900,0.0,0.0,0
68.5754,-107.94861,2020-07-01,852,0.0,0.0,0
55.83923,-116.59073,2022-10-01,2154,0.0,0.0,0
54.39666,-125.44083,2021-07-01,1131,297.96,1.05,1
59.92514,-118.17927,2024-09-15,2148,0.0,0.0,0
52.89356,-108.86453,2022-11-01,1851,0.0,0.0,0
50.34109,-100.57887,2025-04-15,2030,330.53,1.89,1
68.42301,-129.6893,2023-05-01,2038,0.0,0.0,0
47.47345,-76.59008,2020-07-15,1737,0.0,0.0,0
48.05624,-75.26297,2023-06-01,1733,330.71,2.31,1
51.99189,-103.86131,2023-05-01,2038,0.0,0.0,0
51.59732,-97.7958,2020-08-01,1901,0.0,0.0,0
56.12305,-130.18291,2021-10-15,1004,0.0,0.0,0
78.88689,-91.50652,2025-05-15,1745,0.0,0.0,0
64.01933,-129.46405,2021-08-01,2144,356.8,36.38,1
51.3097,-116.03693,2024-11-01,1035,0.0,0.0,0
59.93683,-107.69653,2021-07-15,846,308.04,1.33,1
57.16399,-115.78883,2022-11-15,2110,0.0,0.0,0
65.43844,-122.16597,2021-10-15,1952,0.0,0.0,0
54.94505,-118.27364,2021-09-15,1107,295.46,0.83,1
49.7606,-97.19318,2022-10-01,843,295.57,0.45,1
52.15057,-102.11239,2020-06-15,1843,334.7,3.17,1
47.59806,-78.68721,2022-05-01,1757,328.43,1.58,1
57.05272,-120.42842,2023-11-01,957,0.0,0.0,0
46.23283,-81.89194,2020-05-01,758,0.0,0.0,0
52.70629,-112.74626,2025-11-15,852,0.0,0.0,0
79.78519,-86.4616,2020-10-15,1712,0.0,0.0,0
55.74975,-104.36438,2021-08-15,2038,367.0,26.33,1
57.80675,-113.3878,2021-07-01,1941,367.0,43.56,1
52.04991,-93.48394,2021-11-15,2013,0.0,0.0,0
46.98741,-84.01918,2022-06-01,829,0.0,0.0,0
54.47985,-84.23387,2021-10-01,1107,0.0,0.0,0
66.03875,-63.04957,2025-07-15,1702,0.0,0.0,0
52.0518,-106.21372,2022-10-01,2012,0.0,0.0,0
46.31724,-63.11356,2025-04-15,1706,328.47,1.71,1
74.81355,-94.66516,2020-07-01,852,0.0,0.0,0
50.39736,-66.5207,2025-07-01,1808,0.0,0.0,0
59.59907,-74.50821,2023-10-01,941,0.0,0.0,0
49.34803,-105.10265,2020-05-15,2004,0.0,0.0,0
51.66987,-101.37331,2024-09-01,1927,0.0,0.0,0
46.03315,-65.05501,2025-11-15,1657,0.0,0.0,0
51.08322,-118.356,2025-10-15,2143,0.0,0.0,0
44.62078,-81.97591,2023-09-01,1848,0.0,0.0,0
49.71234,-102.11634,2024-08-15,818,0.0,0.0,0
65.90342,-118.18011,2022-07-15,2119,0.0,0.0,0
73.57533,-80.78934,2023-04-15,1714,0.0,0.0,0
61.08336,-108.17102,2020-07-01,851,0.0,0.0,0
53.22727,-104.96374,2022-08-15,1953,0.0,0.0,0
54.12222,-127.86251,2021-06-15,2121,340.93,4.27,1
57.06162,-117.27506,2025-08-01,1017,0.0,0.0,0
49.96351,-122.95166,2025-05-15,941,0.0,0.0,0
61.59891,-134.92067,2025-07-01,2132,333.33,3.39,1
47.70189,-69.19616,2025-06-15,1804,0.0,0.0,0
55.48919,-125.84775,2024-08-01,2051,0.0,0.0,0
62.82252,-136.5701,2020-08-01,1232,339.27,4.68,1
54.44903,-127.45379,2024-10-01,2146,0.0,0.0,0
62.2305,-123.31446,2023-06-01,2100,0.0,0.0,0
50.29817,-125.9669,2024-09-15,1157,297.07,1.08,1
44.03314,-80.48398,2020-04-01,1706,0.0,0.0,0
65.95878,-94.78679,2022-11-15,2108,0.0,0.0,0
54.7096,-117.06248,2025-04-01,1004,0.0,0.0,0
46.32101,-75.55072,2025-04-01,1809,328.16,3.54,1
52.59396,-89.34908,2021-07-01,1939,350.59,6.29,1
65.84997,-116.99957,2021-08-01,2003,367.0,48.26,1
49.55933,-83.70805,2024-11-01,1841,351.01,25.48,1
55.55631,-119.75518,2023-09-01,2032,326.51,1.49,1
53.9316,-115.17539,2022-05-15,2018,330.72,3.61,1
67.27577,-134.80573,2021-08-15,2042,0.0,0.0,0
61.63632,-112.04765,2022-06-15,1858,346.35,7.5,1
52.32336,-84.72146,2023-10-01,758,301.51,1.12,1
54.88446,-90.65341,2024-07-01,1849,340.49,3.63,1
75.22766,-99.69178,2024-05-15,1827,0.0,0.0,0
52.32168,-111.69714,2020-06-15,2023,0.0,0.0,0
49.72226,-95.88035,2021-07-01,811,310.44,1.3,1
56.05411,-120.12777,2024-04-01,907,333.04,2.15,1
45.77954,-72.81518,2020-10-01,649,0.0,0.0,0
57.27591,-126.84638,2022-08-15,1629,0.0,0.0,0
55.434,-122.46711,2022-10-15,2051,0.0,0.0,0
70.60662,-88.13896,2024-11-15,1919,0.0,0.0,0
60.56575,-134.43552,2021-11-01,1125,320.79,1.62,1
58.13341,-116.67862,2025-05-01,1707,0.0,0.0,0
44.63396,-81.48043,2023-04-15,1715,0.0,0.0,0
73.61115,-94.64505,2022-07-01,1858,0.0,0.0,0
57.73696,-124.74883,2023-06-15,2136,0.0,0.0,0
47.70958,-76.64896,2021-06-15,1756,342.27,35.87,1
55.9953,-121.43826,2020-09-01,1112,0.0,0.0,0
47.08228,-82.29471,2024-09-15,1822,0.0,0.0,0
59.81156,-135.5164,2023-09-01,2034,0.0,0.0,0
56.60826,-62.52672,2020-07-01,852,0.0,0.0,0
54.93347,-103.92078,2025-06-01,739,0.0,0.0,0
56.68973,-122.1657,2024-04-01,907,304.46,1.15,1
57.63796,-120.43691,2022-09-01,1125,0.0,0.0,0
53.38086,-103.90561,2022-09-15,1832,0.0,0.0,0
53.59524,-94.5042,2021-08-01,829,0.0,0.0,0
82.19192,-75.01235,2024-07-01,1849,0.0,0.0,0
65.56346,-116.98702,2021-07-15,2022,0.0,0.0,0
65.91681,-72.61084,2023-11-15,1844,0.0,0.0,0
59.58055,-118.64594,2024-09-15,2148,367.0,26.63,1
63.89686,-139.63148,2025-09-01,1216,0.0,0.0,0
48.42917,-70.82373,2020-09-15,1635,325.74,1.28,1
58.34826,-107.17295,2024-10-15,1901,0.0,0.0,0
56.81326,-119.76085,2020-11-15,1105,0.0,0.0,0
52.5669,-117.26831,2021-09-15,1732,0.0,0.0,0
50.06952,-66.69441,2023-06-01,1734,0.0,0.0,0
50.92653,-98.69276,2020-10-01,1958,340.14,27.5,1
62.57627,-132.39818,2023-09-01,2035,325.07,4.83,1
64.52429,-68.63553,2023-06-15,1812,0.0,0.0,0
54.90713,-111.32699,2020-08-01,913,0.0,0.0,0
51.84585,-101.83247,2022-10-15,1909,338.27,11.27,1
51.90413,-106.92444,2025-10-15,1013,298.96,0.04,1
72.8489,-120.93413,2023-09-01,2031,0.0,0.0,0
43.7183,-79.83516,2024-07-01,1846,0.0,0.0,0
49.72558,-78.67963,2023-04-01,1013,0.0,0.0,0
58.66006,-114.76644,2024-09-01,937,295.81,1.03,1
45.22418,-62.04599,2023-04-15,1714,0.0,0.0,0
55.9195,-106.39282,2022-09-01,1935,0.0,0.0,0
56.38071,-120.99009,2022-10-01,2155,0.0,0.0,0
76.36993,-93.04902,2025-05-15,1745,0.0,0.0,0
54.83379,-116.54397,2024-11-15,2102,0.0,0.0,0
64.73132,-69.43384,2024-04-01,1048,0.0,0.0,0
50.48587,-66.06783,2023-06-01,1734,357.41,15.87,1
50.46915,-123.71849,2025-11-01,1134,0.0,0.0,0
53.82698,-91.00852,2025-09-01,1845,0.0,0.0,0
57.40004,-117.44069,2025-08-01,1017,296.89,0.95,1
66.48304,-101.83741,2023-04-15,1714,0.0,0.0,0
52.36598,-107.55603,2022-06-01,1958,0.0,0.0,0
42.35124,-81.08178,2022-05-15,709,0.0,0.0,0
54.77534,-68.21098,2025-11-01,1134,0.0,0.0,0
64.39165,-129.40604,2021-08-01,2144,0.0,0.0,0
59.1246,-115.55506,2023-06-01,1733,0.0,0.0,0
43.70049,-80.28659,2020-09-01,753,0.0,0.0,0
55.58109,-110.87923,2020-10-01,1009,329.36,4.27,1
52.03602,-99.25487,2021-07-15,848,0.0,0.0,0
44.29869,-64.74881,2025-08-15,1720,0.0,0.0,0
50.11064,-124.7903,2023-06-01,1109,0.0,0.0,0
50.1004,-97.6148,2021-05-15,931,0.0,0.0,0
51.81523,-97.81272,2023-06-15,1813,0.0,0.0,0
53.58842,-118.68972,2022-06-01,1009,0.0,0.0,0
75.25033,-94.15637,2025-09-15,1741,0.0,0.0,0
52.1339,-119.87265,2021-11-01,1936,0.0,0.0,0
49.32836,-57.6803,2022-08-15,502,0.0,0.0,0
51.53821,-120.92637,2024-08-15,2127,0.0,0.0,0
53.95037,-115.90251,2022-05-15,2018,0.0,0.0,0
57.12935,-101.44073,2022-08-15,1954,350.43,24.07,1
68.72986,-139.46318,2025-10-15,1818,0.0,0.0,0
53.7334,-121.19066,2022-11-15,2109,0.0,0.0,0
59.72094,-107.76097,2023-05-01,2038,0.0,0.0,0
50.17924,-115.38131,2023-11-01,959,0.0,0.0,0
49.96771,-104.91631,2021-10-15,1952,0.0,0.0,0
59.5264,-110.29975,2021-08-01,1821,0.0,0.0,0
57.95336,-116.31527,2021-05-01,852,0.0,0.0,0
56.97049,-119.70667,2023-07-01,1955,367.0,24.6,1
55.02334,-115.08578,2021-11-01,1936,0.0,0.0,0
63.16318,-139.83896,2024-06-15,2214,333.99,4.6,1
50.49369,-103.25375,2021-05-01,854,295.29,0.39,1
54.68452,-115.05853,2024-11-15,1919,0.0,0.0,0
49.58026,-117.65825,2020-09-15,1958,350.73,9.44,1
65.02083,-128.40374,2024-08-15,1803,0.0,0.0,0
55.25205,-88.01568,2024-07-01,1849,0.0,0.0,0
58.12414,-107.85155,2021-08-01,1818,0.0,0.0,0
50.53245,-87.02456,2020-06-15,1659,0.0,0.0,0
53.98432,-128.19026,2025-07-15,1217,0.0,0.0,0
54.48632,-124.20978,2021-07-01,1941,326.96,2.7,1
60.36082,-131.93531,2024-07-01,2033,0.0,0.0,0
51.50423,-103.81197,2021-08-01,830,306.2,1.28,1
61.66121,-126.57564,2022-06-01,1008,0.0,0.0,0
50.67149,-107.06438,2022-05-01,1939,0.0,0.0,0
46.24011,-80.7518,2021-06-01,733,0.0,0.0,0
56.45039,-116.11074,2022-04-01,2044,325.38,3.18,1
59.90643,-112.72122,2023-10-15,834,0.0,0.0,0
63.84208,-138.94816,2023-08-01,2157,0.0,0.0,0
58.87845,-127.26488,2025-06-01,2234,367.0,20.01,1
76.22113,-122.09286,2022-10-01,2011,0.0,0.0,0
52.91068,-124.57116,2023-08-15,1908,0.0,0.0,0
50.49821,-110.77343,2025-10-01,1924,0.0,0.0,0
58.38311,-99.94016,2021-08-01,1820,0.0,0.0,0
60.55675,-135.70737,2025-11-01,2127,0.0,0.0,0
52.48022,-125.23071,2021-11-01,1936,356.87,40.06,1
50.17794,-102.77812,2021-09-01,849,309.48,1.73,1
67.5667,-121.59536,2021-10-01,1107,0.0,0.0,0
66.36648,-119.48586,2023-08-01,2158,367.0,7.26,1
50.35083,-122.87271,2025-04-01,2133,341.45,5.14,1
54.58498,-115.38524,2021-06-15,951,296.87,0.9,1
59.91868,-117.29981,2024-06-15,2032,326.38,2.71,1
53.90734,-69.54864,2022-07-15,1750,0.0,0.0,0
64.49191,-103.1559,2020-08-15,1756,0.0,0.0,0
60.66717,-105.38762,2022-06-15,1858,0.0,0.0,0
53.9517,-125.66552,2023-09-01,902,0.0,0.0,0
48.59097,-80.41245,2025-11-01,1801,335.92,5.73,1
53.08862,-114.76639,2021-04-01,1946,329.24,4.4,1
49.69679,-104.67929,2024-11-15,1919,0.0,0.0,0
58.35242,-122.32223,2024-05-15,2014,0.0,0.0,0
52.83414,-93.97114,2021-11-15,1832,0.0,0.0,0
51.80964,-95.93169,2025-09-15,1923,0.0,0.0,0
60.63343,-97.99906,2025-08-01,1017,0.0,0.0,0
45.01265,-72.62338,2025-10-01,615,0.0,0.0,0
45.84973,-63.5764,2021-07-15,1836,0.0,0.0,0
63.0586,-107.06678,2024-08-01,1907,0.0,0.0,0
55.81502,-97.37287,2024-08-15,1947,0.0,0.0,0
48.23431,-80.43615,2022-11-01,1848,0.0,0.0,0
49.66746,-96.47458,2020-07-15,932,0.0,0.0,0
49.96288,-104.40502,2021-04-01,816,0.0,0.0,0
55.66029,-117.10369,2023-09-15,2110,0.0,0.0,0
54.19276,-125.78527,2021-04-01,2127,326.65,3.97,1
56.95728,-110.39557,2025-04-15,2030,0.0,0.0,0
46.45412,-63.66803,2020-09-15,1634,327.23,4.34,1
60.34241,-104.09724,2021-07-15,1839,0.0,0.0,0
49.93427,-126.30376,2023-08-15,2050,0.0,0.0,0
53.4786,-99.46955,2020-10-01,829,0.0,0.0,0
65.63342,-104.46868,2023-08-01,1829,0.0,0.0,0
58.61813,-109.78516,2022-07-01,1858,329.84,5.05,1
55.94776,-125.60404,2021-08-01,2141,0.0,0.0,0
53.52933,-126.41523,2020-11-01,1029,0.0,0.0,0
65.07013,-118.90052,2022-07-01,2040,367.0,46.8,1
50.84704,-79.85793,2023-07-15,901,367.0,19.52,1
68.0962,-70.18592,2024-04-15,1750,0.0,0.0,0
80.18406,-84.26512,2025-08-01,1017,0.0,0.0,0
48.58589,-123.95117,2020-08-01,914,0.0,0.0,0
51.23404,-101.32689,2024-10-15,1901,352.92,15.83,1
56.84504,-75.84989,2022-06-01,1008,0.0,0.0,0
58.79459,-106.33577,2022-11-01,1850,0.0,0.0,0
54.99708,-118.65295,2025-04-01,1004,298.59,0.5,1
48.52358,-58.86414,2023-04-15,1534,346.42,5.33,1
59.70976,-119.76517,2022-06-01,2000,337.02,7.63,1
62.96007,-120.76216,2025-11-15,1841,0.0,0.0,0
56.2717,-111.27763,2025-09-15,1741,0.0,0.0,0
56.04562,-123.96867,2021-11-15,1024,0.0,0.0,0
54.52003,-120.57821,2022-09-01,2116,0.0,0.0,0
49.64589,-126.06584,2022-11-15,2108,342.29,8.36,1
49.4369,-111.9147,2020-07-15,933,0.0,0.0,0
57.47382,-131.81481,2025-04-01,1075,0.0,0.0,0
61.28856,-112.00562,2020-07-01,852,367.0,8.25,1
52.64802,-107.618,2020-08-15,1940,0.0,0.0,0
51.2022,-96.1972,2025-08-01,837,0.0,0.0,0
54.63461,-109.21024,2020-10-15,1857,0.0,0.0,0
57.64392,-122.55103,2022-10-15,1100,0.0,0.0,0
57.00012,-109.83738,2025-07-15,1702,0.0,0.0,0
61.80359,-109.10571,2021-07-01,1942,0.0,0.0,0
68.09183,-76.76918,2024-04-01,1048,0.0,0.0,0
49.36534,-120.88963,2021-10-15,1006,341.45,4.77,1
47.17574,-78.80029,2020-05-01,1744,327.06,4.52,1
75.35263,-112.27296,2022-05-01,951,0.0,0.0,0
50.08686,-91.69173,2021-11-01,1753,353.4,4.93,1
43.29601,-81.46769,2020-09-01,753,0.0,0.0,0
61.77668,-137.34554,2025-09-01,2210,0.0,0.0,0
52.64856,-115.07668,2024-08-01,1100,334.97,2.96,1
43.68822,-77.37638,2020-09-15,650,0.0,0.0,0
49.40331,-100.53472,2020-06-01,1804,367.0,22.1,1
53.18301,-122.52464,2020-10-15,1048,309.97,1.78,1
49.10854,-121.74602,2021-09-01,2158,0.0,0.0,0
63.83323,-137.8399,2023-08-01,2157,349.21,38.9,1
70.0403,-108.52746,2023-09-01,2031,0.0,0.0,0
57.72167,-130.35376,2024-10-15,1901,0.0,0.0,0
55.41108,-125.35875,2021-11-15,1204,0.0,0.0,0
43.38357,-81.68973,2025-10-15,1818,0.0,0.0,0
53.61,-125.29184,2023-07-15,902,367.0,30.45,1
51.16644,-99.50534,2022-11-01,1850,332.46,5.78,1
51.819,-100.28173,2020-06-01,1945,367.0,62.46,1
42.74937,-79.46696,2024-11-01,715,0.0,0.0,0
52.16048,-113.99703,2022-06-01,1010,0.0,0.0,0
52.25627,-102.36501,2021-10-15,1813,0.0,0.0,0
55.84667,-116.25887,2025-04-15,2032,339.22,8.56,1
65.89126,-127.86969,2024-06-15,1854,0.0,0.0,0
57.05427,-124.18278,2023-05-15,1126,0.0,0.0,0
58.37048,-118.59764,2025-06-15,958,297.91,1.64,1
45.8162,-72.32003,2021-07-15,708,0.0,0.0,0
52.24617,-110.80638,2021-11-01,1935,0.0,0.0,0
57.03569,-93.06506,2023-07-01,1814,367.0,239.59,1
42.93705,-80.5271,2023-04-15,1714,0.0,0.0,0
60.20278,-108.4426,2021-07-15,846,0.0,0.0,0
50.86491,-81.88863,2025-07-15,1702,0.0,0.0,0
72.37748,-85.33781,2021-11-15,1832,0.0,0.0,0
51.89243,-116.525,2021-06-01,1900,0.0,0.0,0
49.87175,-110.16811,2022-05-15,2017,0.0,0.0,0
64.79,-122.51114,2023-09-15,2113,347.38,5.94,1
53.54084,-110.20232,2025-11-01,955,303.88,1.14,1
51.56491,-74.94114,2021-07-01,1755,0.0,0.0,0
50.41375,-119.68786,2025-07-01,1000,0.0,0.0,0
48.03767,-74.4733,2020-06-15,1659,0.0,0.0,0
57.86466,-67.98428,2020-09-01,1740,0.0,0.0,0
59.96635,-124.21596,2025-06-01,920,0.0,0.0,0
43.42246,-80.40878,2020-04-01,1846,0.0,0.0,0
59.33006,-118.79019,2021-11-01,1753,0.0,0.0,0
59.61266,-123.2556,2025-09-01,1036,0.0,0.0,0
62.61794,-133.7826,2021-09-01,1208,0.0,0.0,0
61.31531,-131.54435,2022-07-01,2221,0.0,0.0,0
54.60354,-119.36464,2022-10-15,920,0.0,0.0,0
47.48179,-73.19768,2024-09-15,1821,0.0,0.0,0
44.38228,-78.52254,2022-08-15,1809,331.64,2.8,1
69.90006,-79.76357,2023-09-15,1745,0.0,0.0,0
60.93665,-126.81592,2020-11-15,1106,0.0,0.0,0
54.0533,-112.61665,2022-04-01,913,308.82,2.19,1
51.78751,-103.98052,2020-07-15,2101,0.0,0.0,0
55.65012,-109.21785,2023-05-01,2039,334.91,5.15,1
62.14323,-126.08498,2021-10-01,1107,0.0,0.0,0
60.66125,-119.21759,2024-07-01,1852,0.0,0.0,0
54.24555,-118.68575,2022-10-15,920,307.29,1.26,1
71.34869,-109.97001,2020-09-15,1634,0.0,0.0,0
58.18245,-100.93231,2024-08-15,1803,0.0,0.0,0
43.3388,-80.2053,2025-04-01,1809,328.67,2.95,1
52.17271,-104.89435,2025-10-01,1924,0.0,0.0,0
58.28976,-112.32488,2020-11-01,2018,0.0,0.0,0
60.26942,-119.77127,2023-07-01,1003,367.0,6.79,1
52.98364,-99.03628,2024-06-15,1706,0.0,0.0,0
53.89995,-95.10687,2025-04-01,1075,0.0,0.0,0
54.13275,-118.01779,2025-07-15,2027,0.0,0.0,0
50.12677,-111.29863,2024-10-15,913,0.0,0.0,0
50.53158,-98.36507,2020-11-15,1913,0.0,0.0,0
58.10606,-65.90199,2023-07-01,1814,0.0,0.0,0
57.61762,-115.73966,2022-11-15,2110,357.74,30.25,1
45.74848,-66.25513,2025-05-15,1745,348.61,5.0,1
54.30766,-106.25016,2025-07-15,856,367.0,7.95,1
62.16369,-104.69944,2021-07-01,1755,0.0,0.0,0
81.88926,-72.50845,2025-05-01,1707,0.0,0.0,0
56.69462,-97.30819,2021-09-01,847,0.0,0.0,0
51.17548,-103.07864,2022-11-01,902,298.03,0.74,1
64.85816,-99.68964,2022-09-15,1024,0.0,0.0,0
51.75135,-98.42908,2023-06-15,1813,339.7,3.83,1
50.43183,-98.56374,2023-05-01,2038,367.0,70.41,1
53.95156,-107.85633,2023-10-15,836,0.0,0.0,0
51.38723,-96.95531,2020-06-01,1945,341.32,14.7,1
52.03492,-104.34419,2020-08-15,1939,348.18,7.49,1
48.43865,-79.67468,2023-04-15,729,0.0,0.0,0
55.65044,-114.35686,2024-04-01,1047,0.0,0.0,0
53.16299,-108.05833,2021-11-15,843,320.13,3.52,1
54.93018,-128.88283,2025-04-01,2135,328.26,2.68,1
72.35367,-86.65653,2022-08-15,1629,0.0,0.0,0
54.48806,-114.25132,2020-05-15,2146,342.16,8.48,1
52.60313,-113.46979,2024-04-01,2037,0.0,0.0,0
60.46636,-109.90669,2023-07-15,2034,367.0,8.65,1
50.39799,-117.98598,2024-11-15,1113,309.62,1.82,1
58.78968,-97.82571,2022-08-15,1629,0.0,0.0,0
71.57483,-109.86587,2022-06-15,1712,0.0,0.0,0
51.18329,-108.60855,2023-05-01,2038,0.0,0.0,0
53.8603,-118.51878,2025-09-15,2105,0.0,0.0,0
45.8816,-80.23043,2020-10-01,1815,0.0,0.0,0
60.50689,-122.86204,2023-09-01,2034,0.0,0.0,0
55.39699,-121.41454,2023-06-15,1955,0.0,0.0,0
55.19772,-70.79848,2024-07-01,1849,0.0,0.0,0
47.16313,-82.13454,2020-04-01,720,0.0,0.0,0
44.08467,-80.26128,2020-04-01,1846,0.0,0.0,0
52.34565,-114.79045,2023-05-01,2038,0.0,0.0,0
53.36719,-89.38935,2024-05-01,806,0.0,0.0,0
49.27549,-119.79018,2023-11-15,2205,356.9,22.82,1
46.64584,-72.98608,2023-10-15,656,0.0,0.0,0
66.34154,-62.22731,2025-11-15,1841,0.0,0.0,0
50.08596,-108.27277,2023-04-01,1013,0.0,0.0,0
54.77005,-111.69975,2020-04-15,938,0.0,0.0,0
49.55002,-95.71099,2023-10-01,1927,0.0,0.0,0
54.75321,-119.53282,2024-08-01,1100,0.0,0.0,0
52.96793,-60.43023,2024-09-01,1927,0.0,0.0,0
56.29843,-109.05503,2023-08-01,842,0.0,0.0,0
64.90719,-137.40715,2020-06-15,2028,356.4,38.7,1
44.6676,-63.87468,2024-08-15,1622,0.0,0.0,0
51.45306,-121.49064,2021-04-01,2126,0.0,0.0,0
55.5882,-113.87144,2020-05-15,834,306.83,1.03,1
60.12034,-105.95451,2024-04-15,1750,0.0,0.0,0
49.01864,-57.6748,2022-08-15,502,367.0,4.23,1
51.74181,-114.13697,2025-06-01,922,324.1,2.32,1
64.78823,-136.0239,2020-06-15,2028,0.0,0.0,0
53.76733,-110.50745,2022-04-15,811,0.0,0.0,0
52.37713,-91.57409,2024-08-01,1908,0.0,0.0,0
52.34475,-125.15488,2021-05-15,2101,0.0,0.0,0
62.19184,-115.56992,2020-05-15,2003,0.0,0.0,0
50.18496,-98.10727,2020-08-01,733,303.71,1.01,1
67.13182,-108.08917,2020-08-15,1756,0.0,0.0,0
46.86823,-67.74067,2025-09-15,1740,333.41,3.3,1
68.30157,-128.11864,2022-10-01,2011,0.0,0.0,0
60.6419,-132.07436,2024-07-01,2033,367.0,116.2,1
62.55608,-113.06676,2025-09-15,1113,0.0,0.0,0
55.11017,-114.74822,2020-07-15,1737,0.0,0.0,0
54.97403,-129.52859,2025-04-01,2135,0.0,0.0,0
53.98511,-89.95546,2024-08-01,1908,367.0,132.94,1
50.84661,-77.65839,2023-08-15,1908,0.0,0.0,0
51.20397,-66.71504,2023-06-15,643,0.0,0.0,0
63.24158,-122.17233,2024-08-15,1950,0.0,0.0,0
52.25334,-110.58014,2023-09-15,2109,0.0,0.0,0
48.74278,-123.70462,2022-07-01,1049,0.0,0.0,0
54.50516,-74.78831,2020-09-01,609,0.0,0.0,0
44.57592,-75.72743,2024-04-15,1750,0.0,0.0,0
44.15925,-81.7949,2023-05-15,1752,0.0,0.0,0
49.64416,-95.361,2021-07-01,811,0.0,0.0,0
50.60544,-118.6424,2024-04-15,2115,0.0,0.0,0
52.53847,-94.12424,2021-11-15,1832,0.0,0.0,0
58.17993,-119.17677,2025-06-15,958,0.0,0.0,0
56.74911,-101.77044,2025-06-15,1949,0.0,0.0,0
55.61667,-113.49942,2024-10-01,1015,0.0,0.0,0
61.04971,-96.40228,2020-04-15,1746,0.0,0.0,0
52.95493,-74.25243,2022-06-15,1714,328.44,4.81,1
49.94764,-111.65846,2020-05-15,2004,0.0,0.0,0
47.76642,-58.41627,2020-08-15,1756,0.0,0.0,0
