latitude,longitude,acq_date,acq_time,bright_ti4,frp,is_fire
47.30555,-53.71023,2023,1818,0.0,0.0,0
53.80904,-113.09531,1856,2032,332.41,2.76,1
50.51538,-104.62785,1979,2026,336.9,5.33,1
48.11792,-80.66381,2040,1801,0.0,0.0,0
45.27896,-66.01719,61,636,300.3,1.06,1
52.29044,-101.69731,2009,755,0.0,0.0,0
50.68198,-98.7594,1658,1901,330.62,5.34,1
60.83411,-125.59489,1583,1059,0.0,0.0,0
53.42974,-90.26768,1979,1845,367.0,38.74,1
45.47139,-72.64785,883,625,0.0,0.0,0
59.66815,-77.3043,866,1629,0.0,0.0,0
46.41857,-73.08109,958,619,0.0,0.0,0
64.30177,-140.06441,379,2023,0.0,0.0,0
48.50143,-71.22843,167,1635,0.0,0.0,0
50.86039,-105.1195,91,2023,0.0,0.0,0
53.26032,-109.94128,1139,946,316.73,1.67,1
51.80964,-95.93169,1993,1923,0.0,0.0,0
50.45227,-105.73034,365,1945,0.0,0.0,0
55.63596,-123.42718,1675,2025,342.93,9.6,1
59.90643,-112.72122,1292,834,0.0,0.0,0
51.08052,-122.26488,897,1024,298.73,0.93,1
52.25334,-110.58014,1262,2109,0.0,0.0,0
66.5896,-83.24453,883,1125,0.0,0.0,0
52.18456,-99.34898,1186,824,0.0,0.0,0
60.26525,-123.70275,897,1022,0.0,0.0,0
55.16843,-102.01714,866,1003,296.87,1.56,1
55.46046,-96.22187,470,1837,367.0,102.17,1
46.52,-84.39399,958,759,307.69,1.51,1
53.55491,-113.35631,1993,935,301.9,1.38,1
46.80656,-83.6773,866,824,0.0,0.0,0
49.19474,-122.07977,501,1049,0.0,0.0,0
53.69379,-72.57167,440,628,298.18,0.55,1
47.67648,-82.54094,0,720,0.0,0.0,0
49.91219,-121.51701,197,1049,312.91,1.27,1
64.90719,-137.40715,75,2028,356.4,38.7,1
58.87845,-127.26488,1887,2234,367.0,20.01,1
54.15533,-108.28017,75,854,301.0,1.11,1
54.20284,-114.24399,562,2135,357.31,18.52,1
47.70189,-69.19616,1901,1804,0.0,0.0,0
46.48734,-81.03125,1278,759,301.21,0.86,1
52.15057,-102.11239,75,1843,334.7,3.17,1
57.59076,-102.30623,835,1935,0.0,0.0,0
59.32345,-96.25283,30,939,0.0,0.0,0
45.11249,-73.01078,730,553,296.5,0.6,1
55.65541,-124.49573,593,1024,326.24,3.92,1
55.09264,-108.90089,1125,2039,0.0,0.0,0
54.15792,-108.2837,1931,856,320.16,3.13,1
50.74715,-119.51382,136,952,0.0,0.0,0
49.75711,-122.17313,44,2003,0.0,0.0,0
46.20988,-71.36649,379,1659,0.0,0.0,0
53.98432,-128.19026,1931,1217,0.0,0.0,0
55.91453,-123.64923,1170,2136,0.0,0.0,0
58.67149,-115.77799,197,1858,0.0,0.0,0
43.27248,-79.79298,927,1725,330.97,6.56,1
46.03058,-75.5754,744,811,0.0,0.0,0
62.17231,-115.05987,866,1002,304.1,1.37,1
60.54032,-107.60464,91,852,312.62,1.23,1
55.65446,-119.0054,1125,908,314.04,1.06,1
60.30728,-109.42213,91,852,342.31,8.8,1
49.42528,-99.14671,136,811,0.0,0.0,0
49.35193,-121.19523,228,2054,0.0,0.0,0
45.11306,-73.01403,2009,615,300.08,1.08,1
43.26102,-79.81047,153,753,316.65,2.62,1
53.40335,-118.25917,440,2121,0.0,0.0,0
45.27776,-66.01601,228,605,295.62,1.87,1
58.02246,-64.74081,805,1712,0.0,0.0,0
44.64826,-76.0558,1644,1820,0.0,0.0,0
44.34403,-80.67369,91,1839,0.0,0.0,0
47.86045,-53.19778,1962,1540,367.0,15.77,1
49.91899,-115.65366,379,2023,354.31,15.95,1
43.05352,-80.20449,1826,1809,0.0,0.0,0
52.23739,-108.56838,1614,1928,348.64,73.21,1
54.29007,-127.02753,1095,1012,0.0,0.0,0
50.65832,-104.01892,14,1926,335.32,3.63,1
44.50774,-79.2339,866,1809,0.0,0.0,0
60.56575,-134.43552,579,1125,320.79,1.62,1
65.90982,-113.11581,1840,2030,0.0,0.0,0
58.43649,-121.33824,1505,2014,352.8,11.75,1
54.08073,-110.71492,2040,955,0.0,0.0,0
50.39736,-66.5207,1917,1808,0.0,0.0,0
53.60791,-126.10568,365,2127,0.0,0.0,0
52.73475,-110.96729,1125,2039,350.84,4.02,1
49.865,-114.41617,518,1030,0.0,0.0,0
50.1311,-96.89921,105,932,299.08,0.37,1
49.01459,-122.08187,122,2042,0.0,0.0,0
62.07032,-137.42644,1993,1114,0.0,0.0,0
50.77434,-116.71692,730,914,0.0,0.0,0
52.24224,-126.07873,579,1936,0.0,0.0,0
61.4451,-128.29207,2054,1841,0.0,0.0,0
65.91681,-72.61084,1323,1844,0.0,0.0,0
62.82252,-136.5701,122,1232,339.27,4.68,1
75.52298,-99.6186,883,1125,0.0,0.0,0
54.158,-108.28899,835,804,298.29,0.87,1
54.15843,-108.28357,1186,1004,325.53,2.37,1
42.84277,-79.2716,1505,1827,0.0,0.0,0
58.18245,-100.93231,1597,1803,0.0,0.0,0
56.13482,-109.70419,1125,2039,0.0,0.0,0
49.39973,-123.19783,1614,1120,0.0,0.0,0
46.5181,-63.6136,197,1712,340.11,6.28,1
42.72179,-79.68337,1262,1744,0.0,0.0,0
47.14849,-81.16878,1826,643,0.0,0.0,0
46.60642,-83.99736,1475,806,0.0,0.0,0
56.03445,-120.87391,470,2019,332.29,3.32,1
53.89228,-106.4723,791,828,0.0,0.0,0
49.04156,-124.33115,122,914,367.0,21.18,1
64.12974,-118.43186,1962,1908,367.0,93.68,1
49.01367,-90.59846,2054,1839,0.0,0.0,0
42.09889,-81.64798,1309,639,0.0,0.0,0
44.49538,-76.96208,105,612,0.0,0.0,0
54.06914,-103.0957,1186,1814,0.0,0.0,0
54.18036,-116.22102,440,951,333.96,5.33,1
75.51249,-82.78641,440,951,0.0,0.0,0
46.88732,-66.28766,136,1756,0.0,0.0,0
51.45184,-122.46535,897,1024,0.0,0.0,0
53.38086,-103.90561,897,1832,0.0,0.0,0
57.07428,-123.39415,897,1023,0.0,0.0,0
51.53821,-120.92637,1597,2127,0.0,0.0,0
44.26762,-76.37901,14,758,0.0,0.0,0
49.91427,-125.52122,2040,2124,330.6,4.74,1
50.30093,-106.29754,14,2107,0.0,0.0,0
60.42827,-105.28146,1170,1812,0.0,0.0,0
46.18814,-66.50889,1870,1745,0.0,0.0,0
50.18652,-102.71651,1840,2030,0.0,0.0,0
69.72111,-68.67213,1887,1102,0.0,0.0,0
57.90669,-66.52785,197,1712,0.0,0.0,0
59.10148,-127.4919,1292,1016,304.92,1.21,1
50.35272,-121.06085,14,1119,0.0,0.0,0
64.03098,-135.8569,1505,1021,298.45,0.98,1
45.82278,-73.26863,913,703,298.8,0.94,1
69.65139,-121.80558,1826,1075,0.0,0.0,0
53.15648,-112.99727,1948,2007,0.0,0.0,0
46.51487,-84.39539,1917,1805,331.66,5.75,1
69.59388,-103.24515,167,1634,0.0,0.0,0
46.03315,-65.05501,2054,1657,0.0,0.0,0
45.89524,-67.12587,1870,1745,0.0,0.0,0
51.06868,-115.13524,30,939,305.78,0.97,1
52.10812,-108.03001,153,2102,0.0,0.0,0
49.4537,-99.85666,1170,1812,0.0,0.0,0
55.66001,-108.07619,1583,919,0.0,0.0,0
46.04507,-73.14079,805,1712,326.54,1.48,1
64.34132,-133.56479,791,2143,367.0,20.2,1
53.26251,-109.94553,791,828,296.38,1.27,1
52.85949,-108.14673,944,1851,349.23,12.57,1
50.0577,-110.73022,774,1029,308.21,1.54,1
53.40502,-106.78251,122,2043,344.32,4.12,1
45.11368,-73.01239,1856,722,297.26,1.05,1
53.18301,-122.52464,197,1048,309.97,1.78,1
43.54186,-79.27788,927,1725,0.0,0.0,0
43.66573,-79.16434,1278,619,0.0,0.0,0
50.99658,-102.58447,1948,838,304.27,1.35,1
80.94202,-74.28753,167,1634,0.0,0.0,0
46.99336,-80.37392,136,630,0.0,0.0,0
42.80703,-80.09687,1262,1744,353.37,8.92,1
62.1398,-112.58439,1993,1113,306.15,3.28,1
44.05275,-77.12045,167,650,297.61,1.18,1
46.20827,-66.21419,379,1658,0.0,0.0,0
60.19839,-126.76203,1156,2100,0.0,0.0,0
50.80737,-105.42503,1156,747,0.0,0.0,0
54.1814,-113.30442,1262,939,0.0,0.0,0
80.10205,-91.2545,774,1833,0.0,0.0,0
50.84704,-79.85793,1200,901,367.0,19.52,1
44.48858,-80.65171,1109,1715,335.65,3.45,1
51.39941,-99.26202,30,757,307.62,1.42,1
54.51329,-104.12774,1170,1954,0.0,0.0,0
57.47543,-110.96547,1826,1003,0.0,0.0,0
68.92795,-130.75808,1917,1808,0.0,0.0,0
52.10766,-105.30791,61,1945,335.31,2.41,1
51.89052,-102.59712,1323,2024,0.0,0.0,0
51.03395,-100.71764,14,1926,342.51,12.08,1
52.98215,-108.48631,2023,1013,0.0,0.0,0
46.33035,-73.67182,1644,655,0.0,0.0,0
55.07118,-110.53201,122,913,300.45,1.15,1
50.48128,-96.27603,805,726,0.0,0.0,0
61.81868,-120.93974,1979,1035,367.0,5.01,1
59.63025,-110.08908,897,2014,0.0,0.0,0
47.11248,-84.20079,61,817,0.0,0.0,0
63.4803,-126.00778,1475,1750,0.0,0.0,0
63.69104,-136.91805,821,2041,367.0,133.77,1
46.51682,-84.39349,1491,806,314.57,2.58,1
58.25744,-73.74262,897,1024,0.0,0.0,0
46.04375,-73.14219,0,720,311.25,2.15,1
43.50054,-79.09032,1931,1842,0.0,0.0,0
49.43096,-104.72003,501,908,0.0,0.0,0
52.45803,-101.57012,835,1933,0.0,0.0,0
54.21507,-107.65118,1931,856,0.0,0.0,0
53.853,-108.35101,75,854,0.0,0.0,0
53.69685,-122.36716,548,1917,356.5,48.35,1
50.77525,-100.56927,1248,2031,0.0,0.0,0
57.81359,-116.74483,105,1923,367.0,11.73,1
55.11017,-114.74822,105,1737,0.0,0.0,0
53.90734,-69.54864,835,1750,0.0,0.0,0
53.16223,-121.32178,0,721,0.0,0.0,0
50.51632,-104.63271,167,830,304.33,0.88,1
56.56189,-120.63377,1658,2043,0.0,0.0,0
50.11464,-125.67989,0,2030,331.42,4.77,1
47.08727,-78.27507,30,1744,0.0,0.0,0
49.89489,-96.62184,548,927,0.0,0.0,0
42.74937,-79.46696,1675,715,0.0,0.0,0
49.0875,-74.12758,1170,1631,0.0,0.0,0
46.40096,-64.05993,197,1712,0.0,0.0,0
51.38723,-96.95531,61,1945,341.32,14.7,1
49.54064,-125.71511,2040,2124,0.0,0.0,0
52.25627,-102.36501,562,1813,0.0,0.0,0
51.69942,-108.28049,379,1843,0.0,0.0,0
50.15902,-108.88106,91,1035,0.0,0.0,0
45.66346,-65.39867,228,605,0.0,0.0,0
54.15828,-108.28468,1597,1947,336.74,4.99,1
49.73499,-101.21033,518,849,297.39,0.22,1
46.35335,-70.93531,395,1659,0.0,0.0,0
50.63057,-104.07234,1505,2011,0.0,0.0,0
50.02459,-98.17392,1536,1848,346.46,74.49,1
52.64075,-85.01022,1278,758,0.0,0.0,0
49.15887,-123.007,821,1049,298.51,0.56,1
50.2123,-104.47749,197,908,0.0,0.0,0
56.8253,-120.24694,379,2025,0.0,0.0,0
44.52662,-81.17924,1248,1848,326.03,1.61,1
54.9721,-118.41833,1689,1111,323.99,1.23,1
53.11612,-124.47435,1614,2109,328.06,4.05,1
75.24796,-84.0089,579,1753,0.0,0.0,0
59.87239,-120.90909,1901,958,0.0,0.0,0
53.14128,-117.56711,897,1024,0.0,0.0,0
54.89884,-119.86988,1475,1125,0.0,0.0,0
58.58554,-116.97129,791,1008,336.35,2.0,1
48.05624,-75.26297,1156,1733,330.71,2.31,1
57.4319,-121.38469,105,931,0.0,0.0,0
55.81502,-97.37287,1597,1947,0.0,0.0,0
60.28899,-95.48471,2054,1841,0.0,0.0,0
45.87533,-72.62196,579,625,0.0,0.0,0
50.19699,-106.33461,1475,1934,339.04,3.22,1
50.51525,-104.62891,1217,1832,334.59,6.06,1
62.51695,-92.84153,1644,1015,0.0,0.0,0
51.11681,-119.55976,379,2204,0.0,0.0,0
61.46193,-107.97758,91,851,319.1,2.91,1
54.22205,-116.47655,883,1125,317.26,1.35,1
75.22766,-99.69178,1505,1827,0.0,0.0,0
55.9966,-113.57398,44,834,0.0,0.0,0
58.94312,-133.92438,409,1737,0.0,0.0,0
53.00774,-109.05262,958,939,0.0,0.0,0
52.99027,-108.23461,214,2018,0.0,0.0,0
59.63864,-118.2274,1156,926,0.0,0.0,0
43.5453,-80.22142,2040,1800,0.0,0.0,0
64.78823,-136.0239,75,2028,0.0,0.0,0
55.91673,-120.38449,1870,939,296.42,0.44,1
56.0959,-120.56556,1658,2043,329.27,3.89,1
80.55976,-77.36615,214,2018,0.0,0.0,0
58.38311,-99.94016,487,1820,0.0,0.0,0
46.11987,-73.84518,91,1840,0.0,0.0,0
45.24892,-66.5547,944,541,0.0,0.0,0
68.30712,-138.81281,1278,941,0.0,0.0,0
51.03001,-102.81178,456,1939,0.0,0.0,0
45.56878,-65.90113,122,552,0.0,0.0,0
61.50635,-137.04652,1993,1114,295.04,1.03,1
56.94803,-110.85086,1292,835,0.0,0.0,0
46.08814,-65.12749,105,611,0.0,0.0,0
55.43008,-102.20729,866,1003,0.0,0.0,0
45.11149,-73.00817,883,625,298.74,1.78,1
52.33383,-112.67789,183,1959,332.26,3.71,1
55.19276,-120.31495,1856,2214,0.0,0.0,0
54.37922,-107.93269,379,2023,0.0,0.0,0
49.09782,-123.01579,105,2101,326.48,3.14,1
50.49539,-97.24458,1156,928,0.0,0.0,0
61.50686,-139.21646,409,1737,0.0,0.0,0
57.00012,-109.83738,1931,1702,0.0,0.0,0
54.17096,-110.88218,1658,1902,352.43,28.72,1
46.48632,-81.03443,1901,819,299.04,1.14,1
60.44915,-111.87127,913,1021,347.06,8.0,1
45.52675,-62.92736,197,1712,0.0,0.0,0
49.96384,-98.19273,579,946,0.0,0.0,0
59.5264,-110.29975,487,1821,0.0,0.0,0
50.44954,-97.79518,1675,1842,345.28,10.99,1
54.35018,-85.01245,1186,1954,0.0,0.0,0
58.61284,-106.69512,1186,1955,0.0,0.0,0
51.82212,-98.91212,426,2042,367.0,32.64,1
46.69172,-83.64688,821,1853,0.0,0.0,0
46.10721,-72.53756,1231,741,0.0,0.0,0
59.74056,-109.24879,487,1008,320.67,1.94,1
56.3966,-116.34108,1840,2032,0.0,0.0,0
46.59081,-83.88593,1491,806,0.0,0.0,0
49.96648,-103.10599,1856,903,0.0,0.0,0
46.52376,-84.37228,91,714,307.27,1.91,1
45.84741,-75.20236,835,1750,0.0,0.0,0
61.47581,-136.98073,1979,2210,367.0,163.13,1
50.47493,-97.13754,167,1817,337.95,17.48,1
66.0962,-129.90494,395,1841,0.0,0.0,0
58.34826,-107.17295,1658,1901,0.0,0.0,0
53.75818,-103.19763,532,1915,0.0,0.0,0
50.45918,-99.08363,883,1933,333.03,3.54,1
52.73606,-87.22457,1887,1729,367.0,11.79,1
46.51669,-84.39617,501,728,339.43,4.77,1
50.41994,-121.42885,1583,2049,367.0,149.05,1
50.02916,-120.66961,730,915,326.75,1.65,1
54.17161,-122.95049,1262,939,0.0,0.0,0
55.90993,-118.71755,730,913,0.0,0.0,0
54.7684,-117.84207,1262,1119,0.0,0.0,0
46.57637,-80.79608,1826,643,337.29,12.47,1
50.5178,-104.63065,1109,910,305.92,0.93,1
53.24032,-116.59953,897,1024,301.39,1.12,1
57.92637,-74.12201,744,811,0.0,0.0,0
53.47176,-112.22253,470,1029,0.0,0.0,0
56.30645,-129.12579,562,1004,317.87,3.45,1
55.15692,-96.26208,1597,1803,0.0,0.0,0
53.08862,-114.76639,365,1946,329.24,4.4,1
45.83705,-73.24873,1309,637,303.68,0.95,1
58.35617,-116.61189,105,1923,0.0,0.0,0
61.71548,-111.72995,91,852,0.0,0.0,0
56.76466,-119.396,487,1818,0.0,0.0,0
53.91895,-113.56794,30,938,0.0,0.0,0
56.73302,-112.35424,548,2057,0.0,0.0,0
56.14733,-120.6654,153,1112,307.84,1.3,1
49.96064,-99.54845,532,1914,332.72,3.02,1
54.15854,-108.28191,1231,921,331.56,3.45,1
54.69471,-103.52917,593,1832,0.0,0.0,0
45.0973,-76.76075,1675,714,0.0,0.0,0
45.50642,-72.95889,760,1756,0.0,0.0,0
49.2185,-115.81295,1309,959,334.46,10.92,1
49.15837,-123.00714,1614,1120,301.61,1.03,1
58.10123,-117.591,1870,1931,0.0,0.0,0
43.42246,-80.40878,0,1846,0.0,0.0,0
53.43817,-98.36246,821,1858,0.0,0.0,0
65.75285,-92.74944,2009,1741,0.0,0.0,0
50.25324,-100.81226,1248,2031,0.0,0.0,0
53.98639,-118.20391,197,1048,0.0,0.0,0
51.11175,-103.83577,487,830,0.0,0.0,0
56.77288,-116.39499,730,2044,0.0,0.0,0
55.79811,-122.03755,1887,921,0.0,0.0,0
62.53328,-139.72118,440,2124,345.1,15.12,1
52.26733,-90.22121,470,1836,0.0,0.0,0
52.38285,-113.5323,927,1101,303.98,1.39,1
58.75935,-65.54875,791,1008,0.0,0.0,0
51.23288,-98.52947,1856,902,0.0,0.0,0
61.04971,-96.40228,14,1746,0.0,0.0,0
57.00511,-111.47444,1931,1847,367.0,9.3,1
44.38686,-77.57703,1217,704,0.0,0.0,0
49.41429,-95.79855,426,1900,0.0,0.0,0
54.73454,-105.90478,0,721,0.0,0.0,0
72.8489,-120.93413,1248,2031,0.0,0.0,0
51.10205,-126.28143,944,2212,0.0,0.0,0
55.19772,-70.79848,1552,1849,0.0,0.0,0
50.7173,-97.81435,167,1817,0.0,0.0,0
64.37576,-120.38081,1962,2048,367.0,163.55,1
43.27275,-79.79829,1675,715,336.86,2.04,1
60.10093,-129.55526,1262,1119,0.0,0.0,0
49.83714,-98.33652,1962,1903,341.36,6.24,1
53.26513,-109.94633,153,932,301.24,0.73,1
48.59529,-74.8673,897,1024,0.0,0.0,0
44.84326,-75.41588,1248,1707,327.88,4.86,1
55.22649,-105.64189,61,1801,0.0,0.0,0
46.65506,-67.62623,44,1640,0.0,0.0,0
49.85823,-124.50098,1948,1020,0.0,0.0,0
62.0993,-130.70119,821,2040,0.0,0.0,0
45.41835,-72.96229,1840,721,0.0,0.0,0
55.7983,-120.93717,1109,1900,333.58,8.14,1
46.92157,-80.57503,1505,1828,0.0,0.0,0
70.34226,-76.96653,365,1946,0.0,0.0,0
78.07552,-85.20948,1658,1901,0.0,0.0,0
56.15107,-118.95579,730,913,0.0,0.0,0
76.36993,-93.04902,1870,1745,0.0,0.0,0
57.80675,-113.3878,456,1941,367.0,43.56,1
51.62614,-98.59097,1614,1927,0.0,0.0,0
52.86208,-107.13031,1109,2039,339.71,17.55,1
64.43227,-112.92063,183,1815,0.0,0.0,0
56.55601,-119.53407,228,1105,331.61,5.73,1
62.10317,-112.6038,1217,1829,0.0,0.0,0
59.43396,-112.99245,1292,834,367.0,32.4,1
60.08952,-111.08238,91,852,297.62,1.78,1
46.12848,-72.58225,866,1629,0.0,0.0,0
55.45296,-113.75,1461,1047,295.54,0.91,1
54.37023,-109.76031,2054,2022,338.05,58.46,1
64.12549,-136.71217,821,2041,0.0,0.0,0
49.96771,-104.91631,562,1952,0.0,0.0,0
44.1615,-65.73607,1156,1732,0.0,0.0,0
46.71735,-71.80564,228,605,0.0,0.0,0
79.78519,-86.4616,197,1712,0.0,0.0,0
55.8403,-118.62294,30,1928,339.89,8.49,1
45.8398,-73.2496,730,553,295.48,0.98,1
42.53995,-79.92748,1461,1853,0.0,0.0,0
49.35227,-102.7257,1461,908,300.84,0.73,1
49.58694,-99.30682,562,1952,331.72,4.78,1
54.0727,-112.03207,214,2018,351.89,8.99,1
45.8816,-80.23043,183,1815,0.0,0.0,0
61.19883,-135.38127,2040,1948,0.0,0.0,0
54.12433,-113.7969,532,1916,0.0,0.0,0
60.60169,-95.11977,470,1836,0.0,0.0,0
50.67694,-97.35504,153,752,0.0,0.0,0
54.15532,-108.28713,760,810,309.71,2.01,1
65.46086,-126.01224,1170,2139,0.0,0.0,0
52.40307,-113.24097,1628,2005,344.58,10.6,1
52.34199,-107.25403,2023,1013,0.0,0.0,0
50.70902,-99.85279,1628,1824,0.0,0.0,0
42.312,-82.05017,2009,757,312.16,1.24,1
45.36645,-61.60484,183,1815,0.0,0.0,0
45.77152,-66.30161,214,708,0.0,0.0,0
54.13275,-118.01779,1931,2027,0.0,0.0,0
60.70591,-105.92209,730,914,0.0,0.0,0
46.51517,-84.39268,61,817,318.33,2.5,1
58.13341,-116.67862,1856,1707,0.0,0.0,0
57.73696,-124.74883,1170,2136,0.0,0.0,0
49.87291,-99.54504,365,1944,338.31,66.38,1
55.686,-124.96459,958,2110,0.0,0.0,0
50.12989,-96.89931,532,927,295.94,1.17,1
52.16048,-113.99703,791,1010,0.0,0.0,0
64.90165,-125.43704,1262,2113,367.0,46.01,1
65.62195,-123.87681,1979,1850,358.01,18.01,1
56.04562,-123.96867,593,1024,0.0,0.0,0
53.82109,-113.54239,228,1106,0.0,0.0,0
51.20045,-99.85657,1475,945,0.0,0.0,0
63.02858,-92.19833,1139,1938,338.86,11.23,1
55.23648,-117.19632,730,1904,340.45,5.46,1
50.72222,-104.66319,91,2023,330.71,3.5,1
55.02971,-120.51287,883,2116,367.0,347.48,1
54.39232,-118.90396,730,1054,0.0,0.0,0
54.83579,-113.15177,958,2110,0.0,0.0,0
54.93347,-103.92078,1887,739,0.0,0.0,0
52.31705,-106.77266,1109,2039,0.0,0.0,0
51.34773,-87.78593,1170,1812,0.0,0.0,0
49.46892,-120.55186,927,922,0.0,0.0,0
46.75553,-83.56264,91,714,0.0,0.0,0
53.59524,-94.5042,487,829,0.0,0.0,0
54.93018,-128.88283,1826,2135,328.26,2.68,1
52.7655,-126.79533,1552,1849,0.0,0.0,0
56.59516,-73.58251,379,2023,0.0,0.0,0
72.09795,-95.34887,1689,1919,0.0,0.0,0
42.31082,-82.05103,1658,734,304.16,0.91,1
49.51966,-121.13572,409,2100,0.0,0.0,0
49.14011,-102.37921,1658,1900,326.63,1.73,1
59.76904,-123.18468,1292,1017,0.0,0.0,0
43.26452,-82.04836,744,632,0.0,0.0,0
59.06177,-117.08854,1200,2034,367.0,116.36,1
44.79012,-80.43568,183,1815,0.0,0.0,0
51.09082,-87.65941,1217,1831,0.0,0.0,0
51.66253,-108.30251,1200,1043,0.0,0.0,0
61.94951,-111.7696,1948,1016,0.0,0.0,0
51.6616,-96.92094,61,1945,0.0,0.0,0
50.29585,-104.30316,1505,2011,0.0,0.0,0
53.44485,-106.85963,426,913,297.52,0.77,1
49.35095,-102.73159,1887,741,300.73,1.03,1
48.15747,-53.46524,1962,1540,0.0,0.0,0
53.224,-112.71466,730,914,0.0,0.0,0
46.72308,-83.72777,2040,815,0.0,0.0,0
60.60748,-135.03821,2040,2127,328.54,4.74,1
49.08317,-121.16483,1979,2207,367.0,104.31,1
51.20137,-106.39246,395,2023,340.76,5.94,1
53.59551,-107.99883,593,1024,0.0,0.0,0
42.98232,-79.82987,579,626,0.0,0.0,0
54.59412,-126.0543,548,1107,345.67,5.63,1
67.62329,-129.94999,0,721,0.0,0.0,0
49.00889,-96.22195,426,913,308.71,1.73,1
55.72678,-126.17612,214,2019,0.0,0.0,0
44.41818,-76.45575,760,811,0.0,0.0,0
49.02795,-103.64546,532,747,305.12,1.08,1
46.04437,-73.13922,91,1840,327.47,3.82,1
66.94377,-125.44864,1931,1702,0.0,0.0,0
52.64802,-107.618,136,1940,0.0,0.0,0
49.28981,-118.62436,122,1055,0.0,0.0,0
56.2542,-108.13239,821,2037,337.97,5.27,1
50.13063,-96.90296,805,726,295.4,0.61,1
57.00513,-111.48071,136,950,320.53,1.37,1
45.25644,-66.87935,1109,1714,338.76,7.65,1
82.7354,-75.84271,1200,1043,0.0,0.0,0
48.74278,-123.70462,821,1049,0.0,0.0,0
52.71444,-76.60579,1170,1632,0.0,0.0,0
62.57845,-105.05173,791,826,335.65,0.17,1
64.28348,-90.235,228,1106,0.0,0.0,0
55.21027,-126.04564,1583,2051,336.72,3.6,1
46.84879,-84.53683,365,817,0.0,0.0,0
46.90798,-84.15291,958,759,0.0,0.0,0
52.95493,-74.25243,805,1714,328.44,4.81,1
50.40943,-112.83644,774,849,0.0,0.0,0
53.84768,-113.11581,30,938,309.32,0.86,1
56.95728,-110.39557,1840,2030,0.0,0.0,0
51.32228,-102.59829,14,1926,328.35,29.83,1
62.7795,-118.68272,1552,2033,0.0,0.0,0
63.23011,-97.65015,1248,2031,0.0,0.0,0
47.0287,-75.42458,760,951,0.0,0.0,0
50.84661,-77.65839,1231,1908,0.0,0.0,0
49.27398,-118.93469,1217,844,0.0,0.0,0
50.09018,-110.71732,866,1005,331.89,3.8,1
46.75571,-71.20099,379,1659,336.79,2.93,1
49.58163,-123.10426,883,947,0.0,0.0,0
49.33555,-126.14697,958,2108,0.0,0.0,0
52.31039,-111.95883,183,1959,0.0,0.0,0
53.73672,-66.95562,1552,1528,0.0,0.0,0
43.96664,-76.57908,2023,654,0.0,0.0,0
75.3177,-116.9396,927,1103,0.0,0.0,0
54.51624,-123.53717,1262,939,367.0,43.37,1
50.49647,-100.10555,1139,1934,342.06,8.89,1
51.84416,-90.47546,470,1836,367.0,84.91,1
44.29869,-64.74881,1962,1720,0.0,0.0,0
51.62751,-92.60435,1887,1102,0.0,0.0,0
50.6679,-102.23082,532,1915,0.0,0.0,0
72.3547,-85.78624,1597,1803,0.0,0.0,0
66.40577,-124.10356,379,2023,0.0,0.0,0
53.8603,-118.51878,1993,2105,0.0,0.0,0
52.75362,-104.92099,805,907,0.0,0.0,0
64.56535,-140.3371,1231,2235,354.46,19.32,1
65.46877,-126.69724,1170,2139,334.0,4.16,1
54.90713,-111.32699,122,913,0.0,0.0,0
49.73812,-114.79507,518,1030,299.61,1.18,1
46.10848,-72.6472,730,553,0.0,0.0,0
54.7096,-117.06248,1826,1004,0.0,0.0,0
53.42047,-125.46233,1248,902,367.0,18.89,1
51.59535,-113.33549,1887,922,0.0,0.0,0
51.75135,-98.42908,1170,1813,339.7,3.83,1
57.62586,-111.59511,1491,944,0.0,0.0,0
73.57533,-80.78934,1109,1714,0.0,0.0,0
50.12879,-96.90278,1292,836,309.97,1.11,1
50.54068,-96.25349,532,927,0.0,0.0,0
66.15767,-112.02032,1461,1048,0.0,0.0,0
61.07647,-126.41091,1583,1059,300.22,0.9,1
44.16818,-76.80211,105,612,302.91,1.03,1
52.11732,-114.62398,1292,2006,329.24,2.4,1
60.81975,-115.75895,1139,1938,367.0,65.92,1
53.58842,-118.68972,791,1009,0.0,0.0,0
51.79403,-107.73708,1675,1843,330.65,4.79,1
58.72625,-127.92745,2023,1153,310.38,1.61,1
43.7183,-79.83516,1552,1846,0.0,0.0,0
51.13451,-103.91906,1505,2011,340.89,7.0,1
59.92514,-118.17927,1628,2148,0.0,0.0,0
50.32305,-123.58679,1993,2104,330.16,2.54,1
52.20027,-114.10047,579,1935,0.0,0.0,0
55.86782,-119.31244,730,913,297.22,0.28,1
56.62318,-117.33258,927,2051,326.93,3.98,1
45.57361,-77.71401,2023,1819,0.0,0.0,0
56.45664,-96.69386,518,847,320.27,1.49,1
52.09708,-107.92456,791,1958,344.82,12.4,1
50.99574,-87.57684,1170,1812,367.0,117.2,1
46.84311,-84.51794,1491,806,0.0,0.0,0
45.1122,-73.00924,1948,658,307.4,1.26,1
56.11621,-97.17032,1597,1947,340.71,4.67,1
54.87019,-119.12439,1826,1004,295.4,0.62,1
49.67911,-105.58306,44,2004,339.84,4.2,1
53.79431,-113.11272,532,1916,325.79,2.67,1
46.78156,-84.53958,744,811,0.0,0.0,0
54.28857,-109.34658,122,2043,367.0,42.82,1
49.03839,-96.94321,1644,836,318.31,0.9,1
51.42598,-101.71245,1856,1850,348.44,7.62,1
56.13892,-106.05443,1170,1815,367.0,11.91,1
50.49821,-110.77343,2009,1924,0.0,0.0,0
57.33768,-111.75555,365,1807,356.77,12.62,1
57.05272,-120.42842,1309,957,0.0,0.0,0
62.14323,-126.08498,548,1107,0.0,0.0,0
53.74279,-107.555,1536,900,0.0,0.0,0
51.2574,-102.49757,456,1939,347.94,7.92,1
56.51014,-117.91917,1689,1922,336.87,6.16,1
43.27014,-79.80889,1170,645,335.95,4.23,1
56.14809,-87.84182,821,1858,0.0,0.0,0
46.63058,-84.76354,774,1834,0.0,0.0,0
54.32369,-112.90426,409,1921,341.56,6.22,1
48.55081,-80.51289,944,1848,348.42,10.6,1
43.52223,-80.58511,14,618,0.0,0.0,0
50.48587,-66.06783,1156,1734,357.41,15.87,1
68.10751,-131.26546,1931,2212,367.0,36.15,1
51.39849,-99.11407,1475,945,332.32,1.79,1
43.06957,-80.85997,379,715,316.29,2.01,1
45.46207,-66.63787,167,508,0.0,0.0,0
53.96225,-78.56261,1901,1807,355.29,18.88,1
46.04337,-73.14335,470,708,322.49,2.5,1
56.42502,-121.70834,214,2019,0.0,0.0,0
56.81202,-112.13213,365,1807,0.0,0.0,0
50.11064,-124.7903,1156,1109,0.0,0.0,0
49.01561,-96.43637,518,2017,0.0,0.0,0
46.34028,-83.7518,1658,733,0.0,0.0,0
60.6419,-132.07436,1552,2033,367.0,116.2,1
43.3388,-80.2053,1826,1809,328.67,2.95,1
51.91977,-99.99321,30,938,295.98,1.03,1
53.81111,-97.19353,2009,1924,339.55,6.24,1
52.92945,-64.8693,1170,1812,0.0,0.0,0
55.25003,-117.90768,197,1857,0.0,0.0,0
46.25756,-80.42456,1597,637,0.0,0.0,0
45.90557,-73.63175,2009,1741,0.0,0.0,0
57.77406,-116.78917,1870,1931,335.51,3.48,1
65.76997,-128.23767,518,2203,367.0,6.21,1
50.75945,-96.45084,365,1945,0.0,0.0,0
53.8462,-113.12167,122,1903,337.3,3.26,1
50.53245,-87.02456,75,1659,0.0,0.0,0
59.18563,-119.48315,791,2000,0.0,0.0,0
51.22104,-119.76164,548,927,304.0,1.34,1
63.96766,-119.31396,518,849,0.0,0.0,0
55.40138,-118.42992,44,2006,343.97,5.55,1
42.58717,-82.53278,805,728,0.0,0.0,0
64.39165,-129.40604,487,2144,0.0,0.0,0
42.30665,-82.64684,1644,656,0.0,0.0,0
53.26477,-94.29755,487,829,307.87,1.13,1
50.88446,-100.38043,440,951,0.0,0.0,0
45.96567,-80.93721,167,650,0.0,0.0,0
51.41989,-115.6502,426,2042,345.68,12.28,1
48.52358,-58.86414,1109,1534,346.42,5.33,1
55.64047,-122.87191,2023,2004,0.0,0.0,0
60.86286,-109.68989,1200,2034,0.0,0.0,0
60.01278,-133.70495,1323,1844,0.0,0.0,0
79.71762,-87.87143,944,1850,0.0,0.0,0
51.43051,-104.88866,426,2042,367.0,11.29,1
50.40739,-94.64471,487,1818,367.0,23.75,1
49.59033,-102.56087,1840,2030,367.0,10.89,1
42.80621,-80.09709,1536,1705,342.0,11.6,1
55.9953,-121.43826,153,1112,0.0,0.0,0
46.04182,-73.14138,61,636,306.4,1.23,1
62.15903,-114.18242,866,1002,0.0,0.0,0
57.71446,-74.38707,1552,1849,0.0,0.0,0
54.69921,-110.72475,518,2019,332.02,6.19,1
52.37713,-91.57409,1583,1908,0.0,0.0,0
49.63754,-111.18164,153,1921,0.0,0.0,0
55.83796,-115.8734,1278,939,0.0,0.0,0
49.80374,-125.37811,0,2030,0.0,0.0,0
49.47818,-119.54338,1840,2030,327.65,1.44,1
46.83912,-80.41378,0,721,0.0,0.0,0
48.59097,-80.41245,2040,1801,335.92,5.73,1
51.12779,-99.92901,1323,2024,330.5,3.0,1
53.61,-125.29184,1200,902,367.0,30.45,1
54.32,-110.00633,197,1857,343.24,5.21,1
45.60123,-66.24882,1505,1828,337.34,7.74,1
56.16729,-119.3881,167,2141,352.32,6.36,1
55.18291,-112.42214,14,938,304.55,2.0,1
54.07899,-118.68808,30,1118,0.0,0.0,0
53.76053,-113.15757,532,2056,336.28,4.48,1
50.51857,-104.62846,883,1934,337.96,5.03,1
57.63796,-120.43691,883,1125,0.0,0.0,0
49.91009,-94.62868,365,1804,0.0,0.0,0
47.86714,-59.09559,136,1756,329.8,3.14,1
49.18595,-95.66656,426,913,0.0,0.0,0
47.87929,-74.85326,409,1737,0.0,0.0,0
62.21747,-137.08279,1552,1039,0.0,0.0,0
52.82883,-125.0047,1993,2105,348.81,9.32,1
53.69001,-101.55885,897,2012,334.42,3.2,1
44.99089,-63.17065,214,1653,0.0,0.0,0
50.17794,-102.77812,518,849,309.48,1.73,1
54.39442,-129.07332,1675,1215,0.0,0.0,0
59.70976,-119.76517,791,2000,337.02,7.63,1
50.67576,-94.79503,1917,1947,0.0,0.0,0
57.24066,-110.99529,1689,1110,0.0,0.0,0
51.07011,-115.13654,1614,940,304.18,0.99,1
42.80496,-80.10081,1200,723,304.36,1.31,1
59.64834,-70.99857,409,1737,0.0,0.0,0
75.25033,-94.15637,1993,1741,0.0,0.0,0
49.23512,-75.06517,1170,1631,367.0,155.66,1
50.17924,-115.38131,1309,959,0.0,0.0,0
46.51527,-84.39495,1931,717,331.21,4.48,1
50.20486,-103.39204,1536,901,0.0,0.0,0
50.1861,-98.35488,1962,1903,0.0,0.0,0
49.93427,-126.30376,1231,2050,0.0,0.0,0
50.08686,-91.69173,579,1753,353.4,4.93,1
54.27484,-116.69624,75,854,0.0,0.0,0
48.09181,-72.69146,214,2018,0.0,0.0,0
53.82132,-85.11712,1109,1714,0.0,0.0,0
55.28678,-87.28815,1552,1849,334.68,8.16,1
59.62347,-105.15163,1217,1022,309.53,1.33,1
56.81866,-108.64948,1917,1809,367.0,43.99,1
49.00084,-99.81944,1644,2003,355.98,12.67,1
54.82138,-116.18283,927,2051,0.0,0.0,0
59.78859,-122.09758,1901,958,367.0,10.55,1
54.54718,-126.61147,2040,2125,356.51,39.34,1
42.94936,-82.41641,1170,826,298.03,1.2,1
67.18359,-138.73785,470,2203,347.62,9.04,1
55.30695,-108.84305,1156,927,0.0,0.0,0
72.65591,-99.6846,105,1737,0.0,0.0,0
56.22465,-121.00433,214,2019,346.4,6.25,1
54.86503,-112.68649,214,2018,334.05,5.7,1
66.49013,-134.14856,1962,1053,0.0,0.0,0
60.63343,-97.99906,1948,1017,0.0,0.0,0
55.41108,-125.35875,593,1204,0.0,0.0,0
43.2653,-79.80851,153,753,322.0,2.11,1
50.67842,-79.14558,1583,1907,353.82,9.94,1
49.09652,-123.01894,1278,941,304.2,1.19,1
42.80251,-80.1028,1628,1821,336.74,6.04,1
51.53489,-104.64265,409,1920,342.12,5.25,1
49.59104,-120.2539,532,1108,0.0,0.0,0
54.34806,-118.41645,1993,2105,327.02,1.3,1
55.74975,-104.36438,501,2038,367.0,26.33,1
49.72875,-100.39978,791,829,0.0,0.0,0
50.71653,-125.48232,944,1043,315.4,1.99,1
50.08328,-99.6394,791,829,301.13,0.66,1
46.51998,-84.37989,91,714,302.02,1.09,1
45.83764,-73.24956,1840,721,323.28,3.47,1
56.61828,-108.33961,1217,842,357.14,30.52,1
54.15759,-108.28621,1262,939,310.25,1.05,1
59.81156,-135.5164,1248,2034,0.0,0.0,0
46.99499,-80.85096,501,728,0.0,0.0,0
49.7168,-103.46516,1887,741,0.0,0.0,0
55.16548,-113.89658,958,2110,346.03,3.15,1
45.54633,-66.49412,944,541,300.92,1.17,1
61.82842,-129.80734,866,1957,0.0,0.0,0
65.02083,-128.40374,1597,1803,0.0,0.0,0
45.47843,-72.49827,75,714,0.0,0.0,0
57.86466,-67.98428,153,1740,0.0,0.0,0
63.84208,-138.94816,1217,2157,0.0,0.0,0
46.87201,-81.29428,1901,819,0.0,0.0,0
42.80601,-80.1007,1614,1743,338.67,3.68,1
76.54745,-108.93409,1505,1827,0.0,0.0,0
50.34109,-100.57887,1840,2030,330.53,1.89,1
50.0887,-110.7194,153,1921,331.94,2.25,1
45.25465,-72.60347,730,553,0.0,0.0,0
64.09849,-118.47382,1948,834,367.0,17.59,1
53.96931,-108.85892,562,1954,346.38,11.42,1
49.02864,-124.03512,228,2055,354.48,19.52,1
61.79908,-135.57915,1917,2132,0.0,0.0,0
51.08238,-56.18475,1644,1015,0.0,0.0,0
50.7781,-114.46334,228,926,0.0,0.0,0
50.13049,-80.25807,1231,1908,0.0,0.0,0
42.80409,-80.09785,75,1839,339.31,3.52,1
53.9517,-125.66552,1248,902,0.0,0.0,0
50.52118,-125.86765,1658,2223,357.83,16.13,1
49.29325,-121.25187,409,933,306.15,1.15,1
51.53823,-113.31687,75,2023,0.0,0.0,0
43.70049,-80.28659,153,753,0.0,0.0,0
52.01915,-86.61716,1979,1845,0.0,0.0,0
49.77546,-99.18169,136,811,306.33,1.19,1
46.52243,-84.37117,1461,728,307.98,2.09,1
50.00366,-116.42427,1675,1035,0.0,0.0,0
59.93683,-107.69653,470,846,308.04,1.33,1
50.73853,-126.51726,579,947,0.0,0.0,0
52.62585,-111.12733,579,1935,339.58,5.05,1
60.2474,-116.09341,183,1815,0.0,0.0,0
53.43499,-123.94864,1614,2109,0.0,0.0,0
55.48919,-125.84775,1583,2051,0.0,0.0,0
52.10075,-112.50405,1628,2005,0.0,0.0,0
42.80301,-80.10261,1125,730,334.61,2.2,1
76.45212,-100.41057,1186,1814,0.0,0.0,0
70.60662,-88.13896,1689,1919,0.0,0.0,0
63.5179,-131.09915,883,1125,0.0,0.0,0
46.48713,-81.03629,0,721,337.35,17.74,1
64.76904,-119.08694,487,1818,0.0,0.0,0
57.20194,-102.74115,1139,1936,347.23,28.34,1
49.10959,-104.40818,532,747,0.0,0.0,0
54.00579,-119.10137,197,1048,299.53,0.68,1
47.94526,-80.10122,579,1752,340.76,11.17,1
49.55798,-83.93669,1597,1804,0.0,0.0,0
52.72162,-126.51597,1292,1017,0.0,0.0,0
61.43931,-129.71123,866,1957,332.08,4.14,1
56.60826,-62.52672,91,852,0.0,0.0,0
54.22718,-85.58926,1186,1954,367.0,194.14,1
60.21478,-118.61691,1156,926,367.0,13.35,1
46.27757,-66.26932,136,1756,338.78,29.56,1
52.32168,-111.69714,75,2023,0.0,0.0,0
51.23878,-97.11086,2023,2002,346.1,12.55,1
56.69518,-102.13423,1139,1936,0.0,0.0,0
47.00855,-81.35903,30,1924,0.0,0.0,0
44.88687,-76.11363,1689,1736,0.0,0.0,0
49.66386,-123.06048,1870,941,296.56,0.9,1
56.56601,-117.93796,927,2051,0.0,0.0,0
55.83593,-99.92678,1614,938,0.0,0.0,0
53.95037,-115.90251,774,2018,0.0,0.0,0
53.74435,-105.22967,593,2013,328.58,5.88,1
46.66389,-84.75573,1993,1741,0.0,0.0,0
48.83488,-92.05892,1870,800,0.0,0.0,0
50.18773,-103.53904,1505,2011,329.22,2.98,1
44.70813,-80.64639,1217,1829,0.0,0.0,0
49.15771,-123.00439,44,1017,301.25,0.82,1
63.24158,-122.17233,1597,1950,0.0,0.0,0
53.3863,-106.93602,774,2017,331.32,1.41,1
60.41433,-127.78605,1856,1707,0.0,0.0,0
58.4406,-117.21274,744,950,321.7,1.45,1
53.32188,-108.03078,944,1851,0.0,0.0,0
54.15742,-108.28307,774,1028,339.73,2.65,1
59.58055,-118.64594,1628,2148,367.0,26.63,1
45.32322,-66.48999,1675,533,0.0,0.0,0
53.90333,-116.13282,440,951,0.0,0.0,0
51.95072,-102.81544,75,1843,0.0,0.0,0
49.02314,-118.28983,927,2049,346.01,5.18,1
68.94016,-88.90144,1689,1919,0.0,0.0,0
54.11151,-88.81706,1614,1927,0.0,0.0,0
57.12015,-114.51794,1248,2033,0.0,0.0,0
49.87396,-122.1871,1186,2134,0.0,0.0,0
52.53882,-93.32763,593,1832,330.17,4.73,1
61.5172,-134.80235,1993,2108,333.32,5.08,1
53.78727,-108.60145,1231,1100,0.0,0.0,0
58.88176,-100.20434,487,1820,353.13,10.35,1
52.82685,-109.68636,774,2017,0.0,0.0,0
48.49317,-78.65338,487,1816,0.0,0.0,0
49.24057,-118.60939,927,2049,0.0,0.0,0
52.53847,-94.12424,593,1832,0.0,0.0,0
50.48582,-104.57749,1156,747,297.16,1.55,1
50.16755,-105.26964,167,830,0.0,0.0,0
71.7127,-78.39119,518,849,0.0,0.0,0
55.02334,-115.08578,579,1936,0.0,0.0,0
46.49095,-81.03549,883,806,306.94,1.26,1
57.45867,-123.6496,897,1023,299.55,0.91,1
59.84836,-129.11079,1262,1119,296.17,1.11,1
75.12092,-81.46714,760,951,0.0,0.0,0
57.02728,-93.74957,1186,1814,0.0,0.0,0
50.24772,-99.56338,883,1933,0.0,0.0,0
51.32059,-113.9019,75,2023,335.02,3.56,1
44.54463,-80.56682,0,1846,341.98,4.86,1
51.5729,-115.59751,2023,1818,0.0,0.0,0
51.33522,-104.47376,197,1855,349.45,25.84,1
60.55675,-135.70737,2040,2127,0.0,0.0,0
53.86157,-109.85239,791,828,0.0,0.0,0
45.63477,-61.95592,1109,1714,330.26,2.15,1
79.84659,-87.31831,897,1024,0.0,0.0,0
49.97105,-97.80042,440,1938,0.0,0.0,0
50.84253,-95.84468,1901,1807,356.78,7.39,1
63.49025,-71.40254,1262,1745,0.0,0.0,0
55.39699,-121.41454,1170,1955,0.0,0.0,0
55.92936,-120.89013,1170,1955,326.35,2.63,1
52.77557,-124.7144,1948,2148,367.0,166.18,1
45.88942,-77.47539,1156,1914,328.82,10.43,1
60.93665,-126.81592,228,1106,0.0,0.0,0
55.32789,-89.36325,395,1841,0.0,0.0,0
42.66919,-80.76826,379,715,0.0,0.0,0
57.00651,-111.46989,1870,2111,367.0,9.39,1
54.12261,-126.78689,1689,2102,348.44,4.77,1
46.52185,-84.39364,1461,728,296.41,0.92,1
43.04206,-80.35583,1200,723,0.0,0.0,0
48.25445,-79.01893,1901,1805,335.64,5.03,1
53.33245,-107.83575,214,2018,334.09,6.07,1
56.69462,-97.30819,518,847,0.0,0.0,0
43.76122,-81.3302,2023,1818,332.42,3.14,1
55.71073,-121.93836,365,1947,0.0,0.0,0
53.31389,-97.76271,2009,1924,0.0,0.0,0
49.15962,-121.37633,1931,2206,0.0,0.0,0
42.79654,-80.53722,791,650,0.0,0.0,0
56.33584,-122.05554,1461,907,0.0,0.0,0
55.52061,-122.00678,866,1144,309.62,1.3,1
51.03776,-123.11653,1505,1024,0.0,0.0,0
82.36769,-77.22851,1658,1901,0.0,0.0,0
49.34803,-105.10265,44,2004,0.0,0.0,0
53.36719,-89.38935,1491,806,0.0,0.0,0
62.86148,-131.63603,75,1033,0.0,0.0,0
52.09768,-101.28378,2009,755,299.21,0.7,1
52.83375,-109.73326,153,932,0.0,0.0,0
45.277,-66.01407,532,606,296.05,0.85,1
54.01978,-128.68095,1901,959,332.02,5.34,1
42.50889,-80.17154,1628,1821,0.0,0.0,0
46.5217,-84.39218,1200,1848,329.64,4.82,1
58.90759,-116.10106,1962,2046,0.0,0.0,0
52.70229,-101.64617,105,751,0.0,0.0,0
66.86419,-133.64833,1962,1053,304.12,1.32,1
52.13192,-113.66314,1614,2108,0.0,0.0,0
42.31261,-82.05239,774,709,314.47,1.56,1
57.06162,-117.27506,1948,1017,0.0,0.0,0
51.2781,-90.78276,1979,1845,0.0,0.0,0
53.7334,-121.19066,958,2109,0.0,0.0,0
50.0879,-110.71792,1658,913,328.79,2.87,1
42.79143,-82.11334,1840,723,0.0,0.0,0
55.46769,-118.48136,1125,908,0.0,0.0,0
52.78572,-113.84562,1461,2037,332.08,7.8,1
48.42334,-78.63563,1931,716,0.0,0.0,0
53.57978,-112.60155,1628,2006,0.0,0.0,0
49.58026,-117.65825,167,1958,350.73,9.44,1
55.07361,-128.21311,167,1010,0.0,0.0,0
53.74097,-108.77115,1597,1947,0.0,0.0,0
53.99977,-66.72947,1552,1528,367.0,22.37,1
50.6648,-98.28451,1125,2038,0.0,0.0,0
46.55046,-80.29867,883,1751,0.0,0.0,0
82.09869,-63.70414,183,1001,325.36,0.06,1
63.87207,-121.24749,1962,2048,0.0,0.0,0
69.43964,-139.56239,1095,1013,0.0,0.0,0
52.83622,-113.67392,2054,852,367.0,13.63,1
53.20354,-110.02764,774,2017,344.44,22.23,1
49.09662,-123.01578,760,952,299.83,1.15,1
53.70383,-107.48768,1979,1845,0.0,0.0,0
55.434,-122.46711,927,2051,0.0,0.0,0
49.01075,-121.1006,1309,959,0.0,0.0,0
50.91998,-100.26336,14,1926,0.0,0.0,0
54.48632,-124.20978,456,1941,326.96,2.7,1
50.86491,-81.88863,1931,1702,0.0,0.0,0
54.04537,-121.47832,958,2109,339.91,9.15,1
60.58527,-76.38415,2009,1741,0.0,0.0,0
55.53873,-127.20781,1644,1156,0.0,0.0,0
58.27129,-114.09854,1614,937,0.0,0.0,0
52.53669,-93.31917,593,1832,354.46,10.56,1
46.51693,-84.39938,409,1737,336.53,16.42,1
50.28378,-110.42409,1475,946,0.0,0.0,0
53.69612,-108.92018,501,1047,0.0,0.0,0
58.28976,-112.32488,214,2018,0.0,0.0,0
63.83698,-120.47517,1931,2029,367.0,55.42,1
44.07715,-79.53185,1583,741,314.39,1.34,1
53.4696,-102.73521,1491,804,0.0,0.0,0
48.56797,-79.3423,1278,1745,0.0,0.0,0
47.59806,-78.68721,760,1757,328.43,1.58,1
50.29346,-105.33559,1217,1832,0.0,0.0,0
50.12677,-111.29863,1658,913,0.0,0.0,0
51.59101,-106.12692,1125,2038,0.0,0.0,0
46.27501,-72.70862,913,703,0.0,0.0,0
62.65438,-136.17722,1979,1845,0.0,0.0,0
59.10721,-122.24321,2023,2005,0.0,0.0,0
48.2518,-79.01847,1278,1745,325.59,3.67,1
56.97049,-119.70667,1186,1955,367.0,24.6,1
51.23404,-101.32689,1658,1901,352.92,15.83,1
64.23083,-140.15201,1231,2235,0.0,0.0,0
50.04009,-100.77837,1840,2030,0.0,0.0,0
54.63461,-109.21024,197,1857,0.0,0.0,0
53.47185,-99.1923,1644,834,0.0,0.0,0
55.73397,-61.11511,75,1659,0.0,0.0,0
51.60651,-108.07913,1675,1843,0.0,0.0,0
46.51647,-84.39753,744,811,297.07,0.97,1
46.97517,-67.57501,44,1640,344.31,5.82,1
55.53848,-120.51617,1323,1846,332.08,5.63,1
60.86904,-111.57654,470,1836,0.0,0.0,0
42.94863,-82.41821,1309,819,301.6,1.52,1
82.57259,-66.59101,61,1801,0.0,0.0,0
51.32853,-86.40082,136,810,0.0,0.0,0
49.18797,-83.01598,1675,1841,0.0,0.0,0
42.80489,-80.09949,105,1917,335.75,6.67,1
54.90766,-112.77034,913,2013,332.49,3.44,1
53.4023,-104.8561,1475,945,303.48,1.05,1
64.52429,-68.63553,1170,1812,0.0,0.0,0
52.03602,-99.25487,470,848,0.0,0.0,0
46.04428,-73.1396,487,650,315.59,0.96,1
57.17299,-118.89957,1186,1955,0.0,0.0,0
63.98046,-114.59481,1552,1853,341.62,9.31,1
58.12143,-117.48964,562,2136,0.0,0.0,0
51.42937,-90.99,1614,1927,0.0,0.0,0
50.51665,-104.62882,1231,1909,336.48,4.27,1
67.43737,-111.54548,927,1103,0.0,0.0,0
55.91105,-89.50827,1628,1825,0.0,0.0,0
46.51524,-84.39229,744,811,295.77,0.69,1
53.18681,-125.80143,1993,2105,0.0,0.0,0
60.515,-126.17938,821,2220,367.0,9.39,1
66.3661,-118.67151,1644,1015,0.0,0.0,0
54.60869,-119.86338,501,2038,0.0,0.0,0
54.53092,-125.36017,593,2155,357.77,42.39,1
44.70086,-76.06473,1689,1736,0.0,0.0,0
43.3095,-82.24418,167,831,0.0,0.0,0
57.20817,-101.05359,1901,1949,355.87,72.89,1
68.32301,-97.32976,1095,1013,0.0,0.0,0
46.44882,-73.24115,61,816,0.0,0.0,0
56.933,-120.18672,562,1955,0.0,0.0,0
65.59088,-90.87587,1323,1844,0.0,0.0,0
73.03957,-122.69589,1156,1733,0.0,0.0,0
76.24485,-108.65843,409,1737,0.0,0.0,0
52.91068,-124.57116,1231,1908,0.0,0.0,0
55.17852,-74.46305,805,1714,367.0,55.83,1
49.80076,-112.19324,105,933,304.3,0.79,1
51.69164,-114.48023,2023,1014,300.9,1.08,1
52.30713,-113.55444,791,1010,297.66,1.61,1
42.94406,-82.41789,105,753,304.79,1.42,1
68.53181,-137.83492,30,939,0.0,0.0,0
46.52256,-84.37344,122,733,335.3,3.46,1
44.62078,-81.97591,1248,1848,0.0,0.0,0
54.15749,-108.28146,760,950,332.54,4.19,1
45.04559,-76.1413,548,1732,332.79,4.44,1
45.25992,-81.48685,1901,1804,0.0,0.0,0
49.13807,-122.42765,105,2101,0.0,0.0,0
51.08322,-118.356,2023,2143,0.0,0.0,0
45.45393,-72.7335,1948,1823,0.0,0.0,0
64.56065,-118.50473,91,2027,0.0,0.0,0
48.6135,-78.5761,1901,1805,0.0,0.0,0
42.31387,-82.04942,744,812,299.68,0.65,1
58.16492,-117.17523,1248,2033,0.0,0.0,0
44.32225,-81.06274,91,1839,335.82,8.67,1
66.96047,-133.71654,501,2042,367.0,43.81,1
47.23503,-71.77703,501,1713,0.0,0.0,0
49.2055,-120.3646,1840,2030,0.0,0.0,0
46.89711,-81.00494,958,759,0.0,0.0,0
56.99641,-112.51373,760,1130,0.0,0.0,0
56.35723,-64.95836,122,1055,0.0,0.0,0
52.04006,-101.38752,835,1933,336.19,5.98,1
45.27789,-66.01651,1278,619,305.93,1.01,1
71.34492,-80.97184,440,951,0.0,0.0,0
55.31751,-124.78709,1675,2205,356.87,16.0,1
46.35722,-70.88552,409,1737,0.0,0.0,0
47.0584,-71.42738,228,605,299.37,0.71,1
57.75207,-115.55162,487,828,0.0,0.0,0
54.88446,-90.65341,1552,1849,340.49,3.63,1
43.89812,-77.97143,593,1832,0.0,0.0,0
49.02636,-121.16832,913,2152,338.7,4.75,1
80.18406,-84.26512,1948,1017,0.0,0.0,0
46.51496,-84.39623,365,817,320.63,2.54,1
46.33951,-73.08351,805,1712,0.0,0.0,0
45.84973,-63.5764,470,1836,0.0,0.0,0
54.30766,-106.25016,1931,856,367.0,7.95,1
50.4359,-95.52979,1993,1923,332.05,3.31,1
62.50942,-140.56106,440,2124,0.0,0.0,0
52.85731,-105.63313,1658,912,344.37,5.62,1
63.6968,-115.01839,1217,2157,0.0,0.0,0
50.75534,-114.64008,1917,1000,0.0,0.0,0
53.14754,-107.66081,593,1024,331.11,12.4,1
59.28015,-127.99972,2023,1153,0.0,0.0,0
51.89073,-91.44982,1901,1947,367.0,30.76,1
75.14517,-106.38971,1826,1075,0.0,0.0,0
52.33801,-124.38999,1948,2148,0.0,0.0,0
61.04995,-69.61835,105,1741,331.01,3.54,1
62.61794,-133.7826,518,1208,0.0,0.0,0
49.97172,-100.7199,913,2011,0.0,0.0,0
61.11657,-104.85047,805,1858,356.85,13.68,1
56.42821,-111.81864,1931,1847,0.0,0.0,0
51.64581,-98.58318,395,1842,367.0,35.34,1
51.07115,-115.1371,153,933,298.84,0.54,1
47.75996,-79.73861,136,1757,331.47,2.66,1
63.4239,-114.01179,1979,2029,345.17,5.48,1
59.45604,-118.93448,1614,2110,348.84,45.05,1
49.24772,-121.81084,409,2100,332.71,2.45,1
45.27811,-66.01634,866,644,304.75,1.16,1
44.47909,-76.19371,548,1732,0.0,0.0,0
53.74485,-105.22354,593,2013,339.92,11.31,1
54.07768,-125.20267,456,1131,0.0,0.0,0
58.40299,-126.95643,1887,2234,0.0,0.0,0
58.64671,-126.63523,1870,939,0.0,0.0,0
48.25361,-79.02211,1109,729,321.17,2.08,1
43.01118,-79.79802,456,1755,0.0,0.0,0
67.54137,-65.79678,2009,1741,0.0,0.0,0
57.95336,-116.31527,395,852,0.0,0.0,0
60.66717,-105.38762,805,1858,0.0,0.0,0
51.16629,-77.54094,197,1712,0.0,0.0,0
58.41683,-116.34311,395,852,322.16,1.65,1
54.70099,-126.8816,1095,1012,308.46,1.83,1
42.35124,-81.08178,774,709,0.0,0.0,0
49.97208,-112.55498,774,849,336.99,8.06,1
55.07185,-128.26624,1200,1043,306.14,1.19,1
51.33602,-109.12164,1262,1745,0.0,0.0,0
46.83191,-83.76699,501,728,0.0,0.0,0
45.50229,-72.61665,1856,722,0.0,0.0,0
50.51731,-104.62947,365,816,306.78,2.53,1
51.31965,-117.02102,1278,941,0.0,0.0,0
80.93721,-70.4723,562,1952,0.0,0.0,0
52.49169,-86.58118,1887,1729,0.0,0.0,0
60.53064,-70.30106,105,1741,0.0,0.0,0
63.25984,-113.38903,1979,2029,0.0,0.0,0
44.34152,-76.16411,1644,1820,331.97,8.01,1
46.04349,-73.14146,1292,656,326.24,3.09,1
51.92018,-107.18341,153,2102,367.0,10.08,1
45.52191,-73.17124,487,650,0.0,0.0,0
54.69696,-110.71915,75,1034,315.85,2.45,1
76.34171,-86.16331,379,2023,0.0,0.0,0
52.76187,-85.46977,593,1832,0.0,0.0,0
58.66006,-114.76644,1614,937,295.81,1.03,1
45.48617,-74.40419,2054,712,0.0,0.0,0
51.23415,-99.12939,1614,1927,335.23,2.41,1
45.64946,-75.25515,1597,1803,0.0,0.0,0
56.07666,-116.88798,1278,939,301.24,3.54,1
44.31091,-80.97631,1139,1752,327.04,4.21,1
54.77005,-111.69975,14,938,0.0,0.0,0
55.03703,-118.03926,1979,856,0.0,0.0,0
57.358,-105.90862,487,2000,0.0,0.0,0
43.27249,-79.79887,1278,619,336.99,2.66,1
60.19113,-116.42736,1536,2032,0.0,0.0,0
42.56674,-82.45567,1840,723,329.91,3.07,1
46.04295,-73.14012,1962,1720,344.74,5.05,1
42.38478,-80.33403,1125,730,0.0,0.0,0
58.57588,-69.17181,2023,1818,0.0,0.0,0
46.375,-73.64534,1461,728,0.0,0.0,0
42.27814,-81.39032,1491,1750,0.0,0.0,0
44.95723,-76.52728,760,811,343.3,4.95,1
53.68806,-109.08741,365,1946,0.0,0.0,0
42.84465,-79.38204,426,1858,0.0,0.0,0
52.04991,-93.48394,593,2013,0.0,0.0,0
58.20289,-115.63695,197,1858,357.05,107.49,1
46.68036,-71.03715,409,1737,325.42,1.12,1
53.89995,-95.10687,1826,1075,0.0,0.0,0
42.55753,-80.70506,1614,1743,0.0,0.0,0
73.46448,-122.90593,1948,1017,0.0,0.0,0
55.86703,-119.31296,730,913,298.47,0.42,1
52.59773,-102.8319,562,1813,357.05,9.12,1
42.87762,-82.4059,395,715,329.63,5.65,1
45.16806,-75.51344,1475,1750,332.14,6.32,1
54.19276,-125.78527,365,2127,326.65,3.97,1
78.48995,-112.30845,1901,1804,0.0,0.0,0
52.78371,-119.30035,958,940,298.09,3.57,1
48.25175,-79.01885,562,1810,340.85,5.46,1
45.71396,-72.63435,866,1629,367.0,20.88,1
51.40967,-105.01313,1262,1928,0.0,0.0,0
51.67837,-95.59363,1948,837,367.0,26.65,1
58.74181,-117.22136,2054,1031,0.0,0.0,0
49.35209,-102.72781,1597,818,306.82,1.23,1
49.1401,-113.11839,197,2036,0.0,0.0,0
79.73425,-76.86045,228,1106,0.0,0.0,0
54.50146,-128.59303,379,2024,334.27,4.5,1
56.54847,-112.14913,791,1959,0.0,0.0,0
50.13127,-96.89957,409,931,299.76,0.91,1
55.65012,-109.21785,1125,2039,334.91,5.15,1
46.8473,-84.54757,1200,1848,0.0,0.0,0
45.74843,-76.27627,821,1858,0.0,0.0,0
50.80953,-114.68583,835,946,0.0,0.0,0
59.7906,-75.66043,1901,1804,0.0,0.0,0
49.32677,-123.26145,395,1036,0.0,0.0,0
46.29613,-72.80382,1979,1702,0.0,0.0,0
45.28131,-66.01168,228,745,302.03,1.53,1
51.94103,-100.7959,1156,1733,0.0,0.0,0
49.12519,-70.60269,1856,1707,0.0,0.0,0
58.35242,-122.32223,1505,2014,0.0,0.0,0
46.51305,-84.39523,1491,806,301.21,2.01,1
57.00472,-111.47399,1552,1851,348.48,3.5,1
57.70647,-129.74344,2054,2024,337.45,4.86,1
62.74257,-135.04027,518,1208,324.67,0.13,1
55.83024,-115.45903,214,2019,0.0,0.0,0
51.08443,-123.35696,1217,1025,0.0,0.0,0
50.78056,-106.41254,14,2107,350.2,16.7,1
45.30501,-74.9927,518,709,303.74,0.8,1
60.41546,-133.34466,579,1125,0.0,0.0,0
50.75746,-101.28756,440,951,310.49,1.15,1
59.94856,-126.25012,821,2220,0.0,0.0,0
56.69907,-117.51884,897,2014,334.14,3.04,1
53.98511,-89.95546,1583,1908,367.0,132.94,1
46.21576,-73.738,897,1829,0.0,0.0,0
45.73584,-67.28219,1109,1714,0.0,0.0,0
55.09407,-104.54159,1505,1832,0.0,0.0,0
50.55597,-116.36533,1675,1035,302.63,1.92,1
63.79591,-140.44363,1597,2312,0.0,0.0,0
59.32967,-110.87308,897,2014,354.56,17.77,1
64.48159,-116.08635,1583,2053,348.22,12.24,1
64.73086,-139.07944,730,914,0.0,0.0,0
55.15656,-106.59798,1186,1814,0.0,0.0,0
46.04239,-73.14194,1552,720,314.79,1.98,1
64.50224,-121.89515,1887,1102,0.0,0.0,0
52.00042,-114.6181,1125,2038,356.12,28.43,1
47.76642,-58.41627,136,1756,0.0,0.0,0
51.28234,-101.95978,1536,901,0.0,0.0,0
53.95752,-109.2124,835,804,0.0,0.0,0
42.31157,-82.0508,548,748,307.28,1.42,1
58.51847,-115.79968,835,944,305.31,1.37,1
57.94097,-108.51139,835,1935,0.0,0.0,0
55.70312,-122.36329,927,2051,367.0,12.19,1
45.86472,-63.78266,153,1737,335.16,2.19,1
59.75748,-134.28645,1248,2034,350.1,29.64,1
72.49829,-121.45241,395,1841,0.0,0.0,0
56.31507,-117.45776,897,2014,0.0,0.0,0
52.17665,-114.73842,821,907,307.56,1.46,1
54.67041,-112.9518,409,1921,0.0,0.0,0
59.45327,-119.08229,1675,1215,0.0,0.0,0
53.78309,-111.51607,1658,1902,0.0,0.0,0
49.52801,-102.20885,1217,1024,0.0,0.0,0
53.79847,-113.96276,1856,1042,0.0,0.0,0
51.9702,-115.03877,1826,1004,298.14,0.82,1
55.39547,-128.86581,1200,1043,0.0,0.0,0
53.78693,-116.96088,1461,1048,303.21,0.75,1
51.50423,-103.81197,487,830,306.2,1.28,1
56.28735,-89.45649,1917,1808,0.0,0.0,0
53.65509,-101.49575,61,956,298.77,3.33,1
58.10197,-116.1384,487,828,306.1,1.96,1
51.81523,-97.81272,1170,1813,0.0,0.0,0
50.80555,-114.59838,1614,940,0.0,0.0,0
54.70046,-77.72967,426,1900,0.0,0.0,0
50.55745,-125.86427,944,2212,348.6,6.6,1
51.82883,-91.85572,1170,1812,367.0,165.9,1
66.11991,-135.40376,1095,1013,0.0,0.0,0
56.22841,-119.61861,1461,907,0.0,0.0,0
50.49369,-103.25375,395,854,295.29,0.39,1
54.49333,-121.61129,183,2000,0.0,0.0,0
59.46227,-106.56557,821,1858,343.11,50.08,1
50.08596,-108.27277,1095,1013,0.0,0.0,0
60.65847,-119.0918,1597,956,311.32,1.28,1
46.36222,-77.50931,1109,1715,0.0,0.0,0
46.57493,-80.79081,1156,1733,344.1,11.63,1
45.54367,-65.70654,228,745,0.0,0.0,0
64.2854,-121.03709,122,1055,0.0,0.0,0
53.32567,-125.41632,1292,2007,0.0,0.0,0
49.54996,-98.39046,1948,1826,367.0,5.46,1
68.76497,-127.23093,470,1836,0.0,0.0,0
60.19442,-121.06923,1962,2047,0.0,0.0,0
64.49191,-103.1559,136,1756,0.0,0.0,0
42.1851,-82.39901,1323,1840,341.8,5.7,1
50.1004,-97.6148,409,931,0.0,0.0,0
52.27751,-103.00705,1323,2024,356.98,51.54,1
43.65159,-80.08097,1948,659,0.0,0.0,0
55.2192,-103.8065,1505,1832,367.0,21.15,1
52.70629,-112.74626,2054,852,0.0,0.0,0
51.84071,-98.98003,30,938,0.0,0.0,0
43.38357,-81.68973,2023,1818,0.0,0.0,0
45.3556,-65.4328,532,606,0.0,0.0,0
50.12872,-96.90166,548,927,296.79,1.06,1
53.93001,-113.65064,501,2037,0.0,0.0,0
44.55379,-77.34248,1536,721,0.0,0.0,0
50.39799,-117.98598,1689,1113,309.62,1.82,1
57.03569,-93.06506,1186,1814,367.0,239.59,1
54.52003,-120.57821,883,2116,0.0,0.0,0
45.82499,-75.17074,136,631,0.0,0.0,0
53.74279,-105.22991,1323,1844,337.09,5.78,1
54.29754,-113.18578,927,920,0.0,0.0,0
55.08524,-128.19371,379,2024,0.0,0.0,0
49.66837,-105.97526,1475,1934,0.0,0.0,0
51.24276,-95.54103,456,810,0.0,0.0,0
75.63853,-111.29547,866,1629,0.0,0.0,0
60.46636,-109.90669,1200,2034,367.0,8.65,1
50.03014,-120.67227,730,1055,304.17,1.68,1
61.67768,-130.86727,579,1753,0.0,0.0,0
53.12027,-124.82724,1675,1035,329.99,3.33,1
54.28406,-109.17824,897,842,0.0,0.0,0
45.2798,-66.01248,501,727,306.25,1.87,1
63.25755,-105.37882,1675,1215,0.0,0.0,0
56.69696,-117.49567,562,1955,335.35,5.15,1
49.65821,-100.29548,913,2011,338.81,6.22,1
46.97585,-81.67376,0,720,0.0,0.0,0
59.59907,-74.50821,1278,941,0.0,0.0,0
46.52074,-84.37798,744,811,298.79,1.35,1
80.59685,-78.71848,835,1750,0.0,0.0,0
50.91641,-78.62793,1231,1908,367.0,5.55,1
55.88779,-107.13065,1583,919,355.96,4.91,1
55.65811,-105.4974,1248,1852,348.79,48.97,1
46.29609,-84.01745,1536,721,0.0,0.0,0
57.04377,-111.63458,1826,1003,301.72,0.94,1
51.18329,-108.60855,1125,2038,0.0,0.0,0
48.25298,-79.02204,1475,624,309.87,1.87,1
50.87803,-101.37057,1536,901,297.58,0.52,1
56.87976,-128.66911,562,1004,0.0,0.0,0
54.50516,-74.78831,153,609,0.0,0.0,0
45.27762,-66.01218,1993,614,299.36,1.05,1
51.18656,-118.92446,1262,1929,0.0,0.0,0
53.80499,-113.09051,1856,1042,296.68,1.73,1
62.23441,-105.46598,791,826,0.0,0.0,0
46.57403,-80.7951,883,625,300.07,1.63,1
50.97586,-95.70283,1186,1953,346.45,7.29,1
42.81618,-81.32533,153,753,306.89,1.0,1
49.41374,-122.585,548,2056,0.0,0.0,0
50.88569,-122.67234,1505,1024,343.73,8.92,1
50.07757,-68.12927,1217,1829,0.0,0.0,0
42.70178,-80.86475,944,1847,0.0,0.0,0
52.56968,-104.54005,2009,1924,333.28,7.68,1
49.05864,-101.51409,44,2003,354.33,21.08,1
79.49246,-83.11146,774,1833,0.0,0.0,0
51.07014,-115.1377,1292,1017,299.38,1.0,1
56.71443,-111.27108,1248,2031,0.0,0.0,0
43.65281,-77.59349,774,709,0.0,0.0,0
51.22165,-115.82565,30,939,0.0,0.0,0
58.3665,-116.54748,1309,957,328.86,4.91,1
56.53073,-120.20086,409,1111,0.0,0.0,0
56.98013,-117.84838,562,1955,0.0,0.0,0
56.11094,-121.03542,44,2147,0.0,0.0,0
55.35736,-126.59495,1689,931,303.23,1.45,1
44.05487,-77.11919,821,728,305.71,1.3,1
49.72226,-95.88035,456,811,310.44,1.3,1
49.14822,-99.38247,1292,1824,329.21,2.64,1
52.74211,-72.13987,136,1756,0.0,0.0,0
55.58109,-110.87923,183,1009,329.36,4.27,1
46.09914,-73.74244,61,636,0.0,0.0,0
65.90342,-118.18011,835,2119,0.0,0.0,0
44.57592,-75.72743,1475,1750,0.0,0.0,0
50.35126,-100.98695,197,2036,357.53,6.64,1
49.25901,-120.32467,228,2054,343.88,10.12,1
42.0847,-81.63414,774,709,0.0,0.0,0
63.16318,-139.83896,1536,2214,333.99,4.6,1
55.79725,-121.40729,774,2019,0.0,0.0,0
51.69449,-100.84174,1658,1901,0.0,0.0,0
59.64818,-114.26505,1536,1852,0.0,0.0,0
52.81733,-120.51141,944,2031,0.0,0.0,0
60.80298,-125.64221,897,2156,0.0,0.0,0
45.28155,-75.09126,136,631,298.13,0.88,1
55.12549,-116.88242,228,925,338.35,5.08,1
53.82698,-91.00852,1979,1845,0.0,0.0,0
49.42134,-96.42426,426,1900,336.51,4.31,1
67.72073,-127.37888,1993,1741,0.0,0.0,0
63.38515,-91.55354,1186,1814,0.0,0.0,0
67.4705,-126.29364,805,1712,0.0,0.0,0
58.21585,-102.4557,835,1935,367.0,255.43,1
52.68494,-120.97493,1597,958,306.2,1.35,1
54.17577,-107.10857,1309,819,0.0,0.0,0
55.54193,-114.88,579,1936,331.93,2.32,1
54.25397,-108.95278,44,1015,0.0,0.0,0
54.62172,-58.06323,562,1952,0.0,0.0,0
53.73213,-116.12913,913,1023,311.81,1.24,1
52.66637,-106.62511,136,1940,336.17,2.86,1
68.42301,-129.6893,1125,2038,0.0,0.0,0
67.23163,-137.01575,1628,1821,0.0,0.0,0
53.35095,-115.44834,548,927,345.54,11.68,1
56.12694,-120.25002,1125,2040,356.97,6.09,1
73.39363,-100.18762,1139,1751,0.0,0.0,0
45.7501,-66.25651,1870,1745,345.82,8.59,1
53.41282,-100.67215,61,956,0.0,0.0,0
57.44601,-63.41127,136,1756,0.0,0.0,0
65.00467,-123.57546,1292,1017,0.0,0.0,0
50.38367,-119.92829,1856,2031,0.0,0.0,0
52.0518,-106.21372,913,2012,0.0,0.0,0
53.45655,-95.66408,1931,1845,0.0,0.0,0
51.02742,-102.64241,2040,1803,358.05,17.7,1
44.35938,-79.59057,1948,1823,0.0,0.0,0
73.56378,-79.23147,365,1946,0.0,0.0,0
54.65245,-111.05471,2040,955,0.0,0.0,0
48.80515,-91.25333,1870,800,297.07,0.88,1
59.96635,-124.21596,1887,920,0.0,0.0,0
49.55329,-116.44755,958,2108,0.0,0.0,0
52.84901,-112.68958,1948,2007,332.57,1.17,1
52.32888,-90.98067,501,1855,0.0,0.0,0
53.75609,-116.05711,883,1125,0.0,0.0,0
47.47345,-76.59008,105,1737,0.0,0.0,0
53.43158,-104.90725,395,2023,340.54,10.74,1
52.53802,-93.31267,593,1832,328.76,4.44,1
52.04791,-59.32899,136,1758,367.0,49.02,1
59.17535,-128.15732,1597,1137,351.87,4.96,1
52.53948,-104.37631,136,1939,0.0,0.0,0
54.41866,-113.19652,913,2013,0.0,0.0,0
44.0558,-77.12158,1292,657,296.11,1.26,1
53.79226,-107.83415,1231,921,0.0,0.0,0
49.20098,-100.79678,944,2030,356.83,21.65,1
46.79518,-73.2127,14,1746,0.0,0.0,0
42.80391,-80.10336,2009,1921,339.96,5.15,1
65.78572,-95.68151,518,849,0.0,0.0,0
52.34565,-114.79045,1125,2038,0.0,0.0,0
72.26911,-108.84695,1979,1845,0.0,0.0,0
55.58557,-120.64751,1248,2032,0.0,0.0,0
46.044,-73.14162,1870,1745,340.96,5.98,1
46.89555,-71.17623,75,1659,0.0,0.0,0
50.53417,-121.58208,228,2055,0.0,0.0,0
53.83664,-89.16677,1614,1927,335.1,7.19,1
59.61266,-123.2556,1979,1036,0.0,0.0,0
49.39852,-96.49977,1278,1927,329.52,3.7,1
57.00786,-111.48161,1491,944,296.79,1.56,1
58.44414,-117.19782,562,2136,356.82,22.47,1
45.49256,-65.46787,501,727,0.0,0.0,0
53.71466,-110.7447,1536,2030,327.03,3.89,1
50.90702,-80.25477,153,933,0.0,0.0,0
46.49227,-81.03229,883,1751,340.4,23.09,1
56.61255,-111.60263,1505,841,367.0,6.01,1
64.79,-122.51114,1262,2113,347.38,5.94,1
45.5554,-64.04027,1917,1623,0.0,0.0,0
46.43658,-73.38519,1309,817,0.0,0.0,0
42.803,-80.10138,470,709,328.31,0.89,1
54.30419,-64.31508,30,939,0.0,0.0,0
50.06417,-116.04077,1309,959,323.62,2.27,1
49.32686,-96.60388,518,2017,367.0,18.18,1
63.77061,-135.44307,456,948,0.0,0.0,0
48.43074,-76.51105,1628,1821,0.0,0.0,0
53.52933,-126.41523,214,1029,0.0,0.0,0
59.43671,-106.53406,805,905,352.54,5.38,1
49.22582,-65.1037,1901,637,305.88,1.09,1
49.81519,-96.479,395,2022,0.0,0.0,0
52.0374,-120.8041,805,1048,0.0,0.0,0
60.79643,-107.18037,91,852,0.0,0.0,0
50.30046,-121.65047,835,946,367.0,12.15,1
46.48996,-81.03354,958,759,347.19,12.11,1
44.98351,-75.50397,532,1732,333.04,4.34,1
56.75741,-114.04946,1948,2149,367.0,54.62,1
59.37074,-117.90008,1614,2110,0.0,0.0,0
45.83817,-73.25125,958,619,317.22,2.54,1
54.83379,-116.54397,1689,2102,0.0,0.0,0
44.33511,-77.43522,805,727,0.0,0.0,0
43.31535,-82.15863,1309,819,0.0,0.0,0
46.38207,-64.55817,379,1659,0.0,0.0,0
52.03819,-105.31623,913,2012,337.55,7.86,1
51.38894,-115.44742,61,958,0.0,0.0,0
48.15978,-53.15118,1931,535,0.0,0.0,0
60.54747,-120.08463,1552,1852,347.82,9.13,1
49.6978,-96.84494,440,950,0.0,0.0,0
54.63587,-98.09743,1917,1948,353.96,33.62,1
61.8496,-124.32138,1156,2100,351.77,14.74,1
68.06027,-130.37224,1931,2212,0.0,0.0,0
44.03314,-80.48398,0,1706,0.0,0.0,0
63.42384,-117.81524,1475,1750,0.0,0.0,0
54.10267,-113.39206,61,1946,0.0,0.0,0
46.57819,-80.79379,518,709,315.34,1.92,1
49.28107,-117.66698,456,1939,367.0,83.0,1
45.59502,-75.63126,1962,735,0.0,0.0,0
46.51869,-84.39238,791,829,367.0,3.0,1
46.84119,-84.36975,1583,740,0.0,0.0,0
47.42916,-74.02437,197,1712,0.0,0.0,0
51.96861,-115.82182,2040,955,297.39,0.88,1
50.65881,-84.96939,470,848,299.0,1.15,1
61.60568,-113.31182,456,1755,0.0,0.0,0
58.36839,-116.2752,2054,1031,321.61,2.82,1
77.69199,-94.98083,1491,806,0.0,0.0,0
44.16888,-76.80144,122,734,303.49,0.78,1
51.56687,-122.11239,365,2126,328.08,1.99,1
53.70158,-109.35999,1461,1857,326.22,6.88,1
44.25809,-79.1204,1948,1823,345.83,10.59,1
53.84576,-120.89981,136,1756,0.0,0.0,0
51.33601,-85.64027,136,1758,344.07,8.77,1
56.70359,-117.60658,426,2044,329.73,6.42,1
45.27736,-66.00994,122,733,296.77,0.94,1
43.1839,-82.30436,1628,657,0.0,0.0,0
51.90497,-98.26407,440,951,0.0,0.0,0
49.72558,-78.67963,1095,1013,0.0,0.0,0
49.72999,-108.5313,883,946,308.04,1.34,1
52.73098,-111.78696,1278,1928,357.07,13.91,1
42.81021,-79.28788,1248,1847,0.0,0.0,0
46.54883,-72.62807,456,630,0.0,0.0,0
46.82542,-84.29074,30,758,0.0,0.0,0
45.52914,-74.75709,1689,1737,334.75,3.1,1
60.43461,-126.09118,897,2156,367.0,60.04,1
50.71122,-122.2488,1826,2133,0.0,0.0,0
53.1948,-102.97213,548,745,367.0,15.95,1
46.51534,-84.39366,0,1847,338.99,5.68,1
45.45506,-74.16944,518,709,0.0,0.0,0
53.17242,-126.2647,487,1151,0.0,0.0,0
50.79979,-95.48045,1870,1748,367.0,31.36,1
54.01331,-126.59231,214,1029,324.89,2.62,1
46.52099,-84.37708,1658,733,352.21,5.67,1
66.30469,-97.58963,183,1815,0.0,0.0,0
44.0552,-77.11846,927,741,295.4,1.28,1
58.06967,-109.08483,835,1935,367.0,171.43,1
45.27887,-66.0145,1675,533,303.2,1.07,1
42.80061,-80.10191,944,1847,331.85,7.38,1
55.95534,-121.32565,866,1144,0.0,0.0,0
55.47182,-116.39193,913,2154,367.0,127.95,1
46.52283,-84.37799,1583,740,321.0,1.79,1
54.04632,-111.97461,183,829,300.38,1.21,1
54.38605,-108.81633,1186,1004,0.0,0.0,0
54.07717,-118.7731,1536,900,0.0,0.0,0
45.41758,-66.65311,866,644,0.0,0.0,0
49.12665,-98.79118,1461,1855,327.06,4.04,1
51.50611,-118.15012,1309,959,337.0,4.87,1
45.83614,-73.25328,1309,817,309.29,2.85,1
64.50876,-126.19343,1262,2113,0.0,0.0,0
50.42453,-106.43122,365,1945,330.74,4.05,1
46.10342,-81.37126,75,714,0.0,0.0,0
52.67539,-113.16095,730,914,301.01,1.19,1
68.22866,-97.01296,1917,1808,0.0,0.0,0
44.54612,-80.56532,0,1706,328.77,4.16,1
43.26413,-79.80818,1309,819,342.41,3.35,1
45.28051,-66.01585,122,552,303.64,2.14,1
59.13505,-111.12056,835,2117,367.0,6.34,1
54.23482,-107.25788,197,907,0.0,0.0,0
46.71064,-83.83688,1644,655,0.0,0.0,0
55.5882,-113.87144,44,834,306.83,1.03,1
57.96967,-124.09347,927,2052,0.0,0.0,0
46.04357,-73.14439,61,816,295.56,3.05,1
51.2876,-98.16842,44,835,0.0,0.0,0
65.16389,-104.59603,1644,1015,0.0,0.0,0
59.91032,-111.27822,1993,1926,0.0,0.0,0
46.43478,-84.40187,774,1834,332.78,2.17,1
55.02648,-121.02002,1323,1846,0.0,0.0,0
66.02431,-98.1961,1870,1745,0.0,0.0,0
51.18724,-102.19495,927,921,309.35,2.96,1
56.6533,-120.91261,44,2147,367.0,12.28,1
51.02443,-124.96137,958,2109,334.19,56.05,1
50.76641,-103.80206,883,1934,0.0,0.0,0
54.65114,-119.55459,1826,1004,0.0,0.0,0
47.48495,-83.23304,1962,1720,0.0,0.0,0
58.37875,-116.99297,2040,1134,367.0,30.0,1
55.53917,-108.28265,1156,927,367.0,8.66,1
58.35514,-123.61684,1262,2111,0.0,0.0,0
47.08859,-84.73791,409,1737,0.0,0.0,0
51.47101,-121.0449,1095,2001,0.0,0.0,0
51.4311,-117.04363,1505,1827,0.0,0.0,0
60.22082,-122.00122,1139,945,0.0,0.0,0
49.15704,-120.0583,379,2023,328.84,9.92,1
54.19266,-69.33932,1931,1702,0.0,0.0,0
53.36368,-63.49019,518,849,0.0,0.0,0
52.33091,-84.72406,1278,758,312.2,1.5,1
55.55631,-119.75518,1248,2032,326.51,1.49,1
60.85974,-135.66469,2040,1948,356.4,17.47,1
51.00258,-99.55523,75,2023,367.0,10.98,1
56.68812,-113.41166,470,2019,0.0,0.0,0
54.74539,-91.27448,1552,1849,0.0,0.0,0
51.20268,-93.04106,1323,1843,333.16,37.69,1
56.24422,-125.44415,487,2141,343.14,76.7,1
48.01207,-78.71815,1993,755,0.0,0.0,0
53.87067,-114.1299,1109,1859,367.0,23.39,1
51.73639,-92.68071,1170,1812,0.0,0.0,0
62.80269,-92.07922,1614,755,340.27,46.97,1
52.42351,-124.87093,1901,2129,0.0,0.0,0
54.37644,-113.10705,2023,1013,0.0,0.0,0
53.67587,-95.9966,1931,1845,367.0,89.18,1
59.24853,-112.0378,835,2117,0.0,0.0,0
51.51898,-86.94444,136,810,300.83,1.12,1
46.51458,-84.39505,30,758,297.82,0.89,1
50.66659,-92.74247,1323,1843,0.0,0.0,0
59.33006,-118.79019,579,1753,0.0,0.0,0
49.35106,-122.25426,183,1012,0.0,0.0,0
56.57951,-120.69215,379,2025,326.0,2.77,1
47.38781,-65.71743,1139,1751,0.0,0.0,0
68.09183,-76.76918,1461,1048,0.0,0.0,0
65.89126,-127.86969,1536,1854,0.0,0.0,0
56.81326,-119.76085,228,1105,0.0,0.0,0
45.62022,-71.60382,1917,639,305.62,0.91,1
44.50187,-76.30036,1597,818,0.0,0.0,0
49.48997,-99.08989,2054,2020,353.28,21.82,1
43.26918,-79.80846,1948,659,324.74,4.02,1
52.07025,-105.46524,1125,2038,344.46,2.11,1
58.49578,-115.62424,805,905,300.17,2.19,1
46.71876,-80.09239,1156,1733,0.0,0.0,0
55.34724,-104.60964,1248,1852,0.0,0.0,0
62.46906,-131.033,75,1033,301.6,1.12,1
53.95855,-72.72986,440,628,0.0,0.0,0
50.45045,-125.05872,1139,2116,0.0,0.0,0
55.42232,-126.14342,214,2019,354.85,24.51,1
50.15084,-99.50526,2054,2021,0.0,0.0,0
61.81645,-110.16373,456,1942,346.98,6.77,1
81.82558,-81.62333,153,933,0.0,0.0,0
65.02696,-116.11016,1583,2053,0.0,0.0,0
62.06874,-116.08035,1917,1811,367.0,66.63,1
45.24009,-66.95695,1109,1714,337.83,3.55,1
56.03377,-117.18465,183,2000,331.97,3.75,1
68.5754,-107.94861,91,852,0.0,0.0,0
53.83883,-105.65271,593,2013,0.0,0.0,0
51.83023,-107.6573,379,1843,367.0,8.08,1
45.26415,-63.4371,214,1653,341.66,4.3,1
52.42837,-102.24894,2054,1841,0.0,0.0,0
54.16965,-103.29646,1475,1934,0.0,0.0,0
53.64964,-121.85743,197,1048,0.0,0.0,0
47.55814,-80.39888,579,1752,0.0,0.0,0
46.57574,-80.7902,75,714,300.0,0.83,1
45.9652,-63.99599,228,1730,336.94,7.75,1
59.1246,-115.55506,1156,1733,0.0,0.0,0
45.83694,-73.25011,2009,1741,341.32,3.58,1
48.25344,-79.02023,487,1816,329.16,4.27,1
46.45644,-74.91298,1826,1809,0.0,0.0,0
51.69288,-114.48346,774,848,301.45,0.92,1
42.81779,-81.32566,774,709,308.89,1.07,1
48.76977,-90.86957,1870,800,0.0,0.0,0
60.85167,-135.47682,913,2016,344.65,19.19,1
44.6676,-63.87468,1597,1622,0.0,0.0,0
47.04108,-80.80114,883,806,0.0,0.0,0
53.48172,-132.09642,944,2213,351.77,39.6,1
46.51329,-84.39671,30,1744,338.62,6.66,1
55.61667,-113.49942,1644,1015,0.0,0.0,0
59.77815,-128.4723,1597,1137,0.0,0.0,0
46.35749,-81.90503,0,721,0.0,0.0,0
57.61762,-115.73966,958,2110,357.74,30.25,1
52.79693,-71.60974,1139,1751,0.0,0.0,0
49.4973,-121.97516,1186,2134,327.07,2.75,1
55.55947,-105.71655,883,1935,367.0,16.58,1
52.26019,-124.62965,1689,1921,0.0,0.0,0
53.73307,-115.11654,2054,1033,0.0,0.0,0
59.35454,-119.161,1917,2131,0.0,0.0,0
56.05411,-120.12777,1461,907,333.04,2.15,1
42.77914,-81.64394,548,748,0.0,0.0,0
67.17188,-132.65857,1962,1053,0.0,0.0,0
43.01531,-80.4579,518,1834,0.0,0.0,0
54.99723,-118.65342,730,1054,299.31,0.51,1
46.85217,-84.32435,61,817,0.0,0.0,0
52.24991,-113.02196,1614,2108,351.64,4.54,1
65.82446,-63.01705,518,849,0.0,0.0,0
66.34154,-62.22731,2054,1841,0.0,0.0,0
50.13,-96.90592,1156,928,296.69,1.18,1
44.25161,-76.48122,1826,1809,340.2,12.9,1
52.67228,-114.85361,1689,1921,332.98,6.98,1
46.52371,-84.373,1856,722,303.14,1.63,1
58.80992,-126.98739,1292,1016,0.0,0.0,0
50.67296,-119.21292,1125,2038,327.25,1.38,1
55.94817,-123.38472,897,1023,0.0,0.0,0
46.48667,-81.03606,913,843,324.64,4.38,1
48.7656,-65.62402,1901,637,0.0,0.0,0
46.57924,-80.79285,167,650,339.09,9.19,1
55.04076,-112.99504,1323,1035,0.0,0.0,0
53.84438,-113.11716,30,938,310.36,1.84,1
49.63851,-101.68433,2009,1923,332.95,2.12,1
46.04428,-73.1416,579,625,317.63,1.73,1
49.64416,-95.361,456,811,0.0,0.0,0
56.68973,-122.1657,1461,907,304.46,1.15,1
59.30968,-110.05983,1597,1948,367.0,186.21,1
62.10132,-115.15206,1917,1811,0.0,0.0,0
46.04519,-73.14129,183,649,312.05,1.69,1
50.09055,-104.48473,532,1915,0.0,0.0,0
49.95763,-101.36881,1292,1824,367.0,8.16,1
52.60313,-113.46979,1461,2037,0.0,0.0,0
60.35382,-123.15821,426,1900,0.0,0.0,0
46.30721,-84.08445,1461,728,0.0,0.0,0
50.91993,-102.70669,426,1901,335.51,3.97,1
42.62062,-81.99873,1887,1726,0.0,0.0,0
58.61813,-109.78516,821,1858,329.84,5.05,1
67.13182,-108.08917,136,1756,0.0,0.0,0
46.04225,-73.14314,75,714,307.77,1.64,1
45.27998,-66.0173,1644,514,311.81,3.03,1
49.71234,-102.11634,1597,818,0.0,0.0,0
53.25616,-115.23234,2054,1033,336.61,4.9,1
54.73349,-104.6602,1170,1954,347.94,17.02,1
49.10854,-121.74602,518,2158,0.0,0.0,0
62.00426,-134.58459,1200,2035,367.0,137.55,1
57.77142,-114.27107,456,1941,0.0,0.0,0
63.86585,-113.97257,1552,1853,0.0,0.0,0
52.2996,-94.81568,1231,1909,344.61,14.78,1
59.73392,-110.87166,91,852,0.0,0.0,0
49.55933,-83.70805,1675,1841,351.01,25.48,1
67.8919,-130.26371,1309,819,0.0,0.0,0
61.63632,-112.04765,805,1858,346.35,7.5,1
51.068,-115.13383,228,926,295.97,0.9,1
54.68879,-123.60254,456,1941,0.0,0.0,0
59.39901,-112.87777,1870,1745,0.0,0.0,0
53.55387,-113.35564,136,951,299.14,0.58,1
47.09906,-72.08559,548,1107,0.0,0.0,0
59.14425,-122.26967,1109,1049,0.0,0.0,0
46.98741,-84.01918,791,829,0.0,0.0,0
44.89085,-75.43631,1644,1821,328.45,2.66,1
53.73176,-115.66792,365,2127,0.0,0.0,0
60.7207,-123.68816,897,1022,338.45,3.31,1
46.5196,-84.37247,562,825,312.73,2.45,1
55.47197,-124.02638,958,2110,330.6,72.01,1
42.80096,-80.10331,1505,1827,337.75,5.89,1
54.02552,-105.74792,379,2023,342.55,5.29,1
54.16306,-121.83302,2040,955,299.12,1.32,1
50.09075,-110.72198,1917,819,300.8,1.01,1
54.03822,-109.59967,2054,2022,0.0,0.0,0
50.69899,-121.97693,835,946,0.0,0.0,0
54.53097,-116.81719,562,1004,0.0,0.0,0
53.20559,-102.71918,409,1920,0.0,0.0,0
63.77863,-115.97195,1217,2157,367.0,158.33,1
80.63517,-79.04433,501,1713,0.0,0.0,0
55.47715,-127.73093,167,1010,305.33,0.48,1
57.18095,-100.96993,1887,920,296.62,0.85,1
50.29501,-90.07821,1231,740,0.0,0.0,0
50.06952,-66.69441,1156,1734,0.0,0.0,0
51.32475,-102.98722,1948,838,0.0,0.0,0
45.05952,-63.77996,1917,1623,328.68,2.33,1
45.12734,-75.67463,1689,1736,328.25,7.14,1
63.58543,-126.38328,1248,1040,296.69,1.11,1
51.07003,-115.1347,1917,1000,305.35,1.12,1
53.67734,-128.88658,1826,1145,0.0,0.0,0
52.10948,-114.29858,791,1958,0.0,0.0,0
56.89394,-112.33973,136,950,0.0,0.0,0
44.45251,-77.26504,927,741,0.0,0.0,0
57.11815,-121.7236,379,2025,335.29,4.7,1
42.4206,-80.28238,805,1852,0.0,0.0,0
57.13384,-121.03915,1139,946,0.0,0.0,0
44.59319,-77.04326,1292,657,0.0,0.0,0
46.75341,-82.72056,1628,1822,343.74,4.67,1
45.48351,-75.11826,1536,1706,334.95,2.91,1
50.81457,-121.40574,1095,1013,301.64,0.85,1
54.75321,-119.53282,1583,1100,0.0,0.0,0
46.70599,-80.26658,883,625,0.0,0.0,0
49.31221,-114.00394,197,2036,336.0,37.52,1
54.76857,-118.25731,214,2018,0.0,0.0,0
72.37748,-85.33781,593,1832,0.0,0.0,0
50.46156,-122.24536,1583,2049,0.0,0.0,0
46.04558,-73.14098,1840,721,303.82,1.89,1
54.70493,-126.88045,1095,1012,302.92,1.08,1
67.84073,-136.1305,44,2003,0.0,0.0,0
46.47466,-81.0454,0,721,299.8,0.68,1
50.35585,-97.53052,1292,836,0.0,0.0,0
55.3725,-117.1554,197,1857,347.47,4.67,1
53.06631,-106.21687,2054,2022,0.0,0.0,0
51.6371,-124.82759,1628,1821,0.0,0.0,0
63.36558,-115.68116,1186,821,0.0,0.0,0
60.25846,-126.69929,866,2136,367.0,165.46,1
53.8887,-114.95753,365,2127,356.05,12.39,1
45.80057,-75.5301,1536,1706,0.0,0.0,0
52.61747,-110.02349,1125,2039,0.0,0.0,0
59.09548,-119.88586,1917,2131,356.78,72.94,1
62.98852,-93.27887,1139,1938,0.0,0.0,0
50.19691,-99.45966,365,1944,0.0,0.0,0
58.15569,-68.35965,153,1740,333.87,2.12,1
49.68059,-122.35757,30,940,0.0,0.0,0
63.48634,-136.02132,1505,1021,0.0,0.0,0
67.94639,-137.07508,1840,2030,0.0,0.0,0
47.06149,-79.27415,760,1757,0.0,0.0,0
56.53803,-110.91938,1505,841,0.0,0.0,0
66.60388,-119.50174,805,1712,0.0,0.0,0
66.67654,-118.28213,1217,2158,0.0,0.0,0
53.92665,-106.66604,1931,856,0.0,0.0,0
53.14313,-128.35942,1826,1145,295.44,0.06,1
57.16399,-115.78883,958,2110,0.0,0.0,0
53.02482,-106.18848,1125,2039,355.19,41.76,1
53.73718,-105.94788,426,913,0.0,0.0,0
58.40783,-118.14069,2023,2145,0.0,0.0,0
51.08394,-97.37318,153,752,298.16,2.03,1
59.0036,-106.97465,1186,1955,336.78,6.88,1
53.8871,-82.47707,1644,834,309.25,2.95,1
50.86281,-125.42804,1658,2223,0.0,0.0,0
82.19192,-75.01235,1552,1849,0.0,0.0,0
46.73225,-83.71095,744,811,0.0,0.0,0
46.26736,-83.63006,1262,1745,0.0,0.0,0
46.293,-73.85467,1856,1707,0.0,0.0,0
82.3783,-62.18673,1979,1845,0.0,0.0,0
63.89686,-139.63148,1979,1216,0.0,0.0,0
44.50043,-77.22023,835,805,0.0,0.0,0
43.2106,-81.21797,1826,1809,0.0,0.0,0
45.27968,-66.02017,167,508,297.42,1.6,1
61.80359,-109.10571,456,1942,0.0,0.0,0
64.73132,-69.43384,1461,1048,0.0,0.0,0
49.87175,-110.16811,774,2017,0.0,0.0,0
58.49733,-114.96939,805,905,0.0,0.0,0
45.27821,-66.01651,1323,715,320.49,1.85,1
50.29629,-121.57069,14,1119,308.11,1.42,1
49.8646,-114.05287,548,928,0.0,0.0,0
48.25388,-79.0191,1962,735,322.45,2.06,1
53.79963,-123.2149,548,1917,0.0,0.0,0
69.90006,-79.76357,1262,1745,0.0,0.0,0
53.36616,-108.58807,1461,1857,0.0,0.0,0
51.69735,-116.55567,883,2115,0.0,0.0,0
66.81742,-63.95379,805,1712,0.0,0.0,0
59.23362,-117.65185,1200,2034,0.0,0.0,0
46.51585,-84.39484,14,758,302.82,0.87,1
50.73714,-99.81901,944,1850,0.0,0.0,0
57.07626,-112.20466,1491,944,0.0,0.0,0
49.72842,-108.52866,91,1035,306.61,1.37,1
59.77172,-107.39103,835,1750,0.0,0.0,0
50.42465,-90.76148,440,1938,0.0,0.0,0
74.7017,-81.9336,1170,1812,0.0,0.0,0
61.27912,-135.74502,1993,2108,0.0,0.0,0
55.78021,-94.47135,927,1103,0.0,0.0,0
49.62211,-122.94112,1323,2205,0.0,0.0,0
42.53577,-82.49196,395,715,0.0,0.0,0
51.99015,-124.49428,1901,2129,348.38,39.87,1
60.4987,-102.73263,1323,1844,0.0,0.0,0
42.93705,-80.5271,1109,1714,0.0,0.0,0
45.28078,-66.01146,821,727,299.12,1.62,1
47.48179,-73.19768,1628,1821,0.0,0.0,0
49.32836,-57.6803,866,502,0.0,0.0,0
64.73287,-97.35374,365,1946,0.0,0.0,0
53.77788,-113.59719,122,1903,0.0,0.0,0
52.3648,-119.28288,1200,2032,0.0,0.0,0
54.39666,-125.44083,456,1131,297.96,1.05,1
75.35738,-82.41621,744,811,0.0,0.0,0
67.12674,-137.99936,470,2203,0.0,0.0,0
42.80675,-79.68403,61,1801,0.0,0.0,0
42.96568,-79.45303,1170,645,0.0,0.0,0
55.52674,-122.08947,1505,1203,305.9,2.08,1
50.72275,-126.3948,1628,1157,0.0,0.0,0
51.06548,-97.14825,14,1746,0.0,0.0,0
67.27577,-134.80573,501,2042,0.0,0.0,0
46.02144,-65.95743,1505,1828,0.0,0.0,0
53.83905,-121.28174,2023,2003,0.0,0.0,0
54.77534,-68.21098,2040,1134,0.0,0.0,0
65.95878,-94.78679,958,2108,0.0,0.0,0
55.42797,-124.91083,593,1204,0.0,0.0,0
57.47382,-131.81481,1826,1075,0.0,0.0,0
55.42764,-116.23905,927,2051,367.0,261.23,1
49.12675,-98.79037,1461,1855,328.73,2.52,1
58.17993,-119.17677,1901,958,0.0,0.0,0
52.48022,-125.23071,579,1936,356.87,40.06,1
47.09424,-84.25908,14,758,0.0,0.0,0
51.06778,-116.88787,1675,1035,328.59,3.92,1
43.30458,-81.91447,105,753,0.0,0.0,0
45.5499,-63.83707,228,1730,0.0,0.0,0
51.72068,-99.17461,470,848,301.84,1.07,1
50.05822,-110.72676,1475,946,313.81,1.31,1
46.56834,-84.40945,75,1840,343.11,5.42,1
49.1573,-123.0053,501,1049,303.76,1.15,1
57.05427,-124.18278,1139,1126,0.0,0.0,0
62.96007,-120.76216,2054,1841,0.0,0.0,0
44.1698,-76.80338,1614,619,297.78,0.57,1
72.35367,-86.65653,866,1629,0.0,0.0,0
46.31724,-63.11356,1840,1706,328.47,1.71,1
42.7999,-80.10017,805,1852,333.91,5.96,1
59.70218,-126.91293,1675,1215,0.0,0.0,0
48.25386,-79.02467,1931,716,321.48,1.4,1
56.57338,-70.20372,958,2108,0.0,0.0,0
68.0962,-70.18592,1475,1750,0.0,0.0,0
51.10376,-121.75594,1095,1013,0.0,0.0,0
65.2232,-129.69031,1200,2217,0.0,0.0,0
45.8162,-72.32003,470,708,0.0,0.0,0
44.16907,-76.80144,1979,718,300.91,1.35,1
64.90688,-106.69756,1309,819,0.0,0.0,0
49.19816,-98.89316,1917,819,0.0,0.0,0
70.36225,-95.09433,579,1753,0.0,0.0,0
52.06749,-123.59543,1248,1043,296.75,1.19,1
49.27295,-99.23064,1170,1812,338.44,9.54,1
51.07058,-115.13538,835,946,310.85,1.14,1
55.93196,-122.44767,1505,1203,0.0,0.0,0
59.39531,-122.75529,2023,2005,325.63,2.18,1
80.70425,-86.02193,1217,1829,0.0,0.0,0
58.16164,-118.53444,1231,2052,326.99,5.2,1
51.56799,-115.59814,883,2115,339.69,12.27,1
73.21643,-93.96413,1231,1908,0.0,0.0,0
69.13905,-121.93021,1231,1908,0.0,0.0,0
53.45486,-112.50049,1993,935,0.0,0.0,0
53.60748,-110.50352,760,951,0.0,0.0,0
57.00851,-111.47385,548,2057,367.0,5.56,1
61.10564,-108.91133,2023,1818,0.0,0.0,0
61.03469,-119.96889,1231,919,367.0,13.85,1
55.80494,-110.16775,183,1009,0.0,0.0,0
54.07825,-108.18438,379,2023,334.55,2.63,1
46.15999,-83.74376,532,747,0.0,0.0,0
50.83479,-118.96202,426,2042,0.0,0.0,0
49.91681,-120.57532,197,1049,0.0,0.0,0
56.60528,-121.13111,1139,946,367.0,7.41,1
53.22444,-112.90948,136,951,0.0,0.0,0
49.40331,-100.53472,61,1804,367.0,22.1,1
45.49002,-66.48496,122,733,0.0,0.0,0
42.37446,-80.28499,1870,1745,0.0,0.0,0
50.88247,-122.67403,1505,1024,336.08,6.43,1
55.82178,-121.74442,760,951,0.0,0.0,0
54.11521,-101.06121,897,2012,0.0,0.0,0
47.55458,-81.93477,0,720,323.87,2.76,1
64.37363,-97.07716,1139,1751,0.0,0.0,0
51.59008,-61.27362,365,1946,0.0,0.0,0
49.60054,-100.10104,1840,2030,0.0,0.0,0
53.34724,-71.61003,122,1055,0.0,0.0,0
53.84578,-113.11566,1901,1949,333.95,2.37,1
81.83302,-80.38202,1840,2030,0.0,0.0,0
49.19279,-120.73381,532,1108,307.69,0.86,1
54.88006,-88.61828,105,1920,0.0,0.0,0
81.993,-64.31636,153,933,0.0,0.0,0
55.64023,-126.69893,1644,1156,328.85,2.59,1
51.17548,-103.07864,944,902,298.03,0.74,1
68.76933,-118.36757,105,1737,0.0,0.0,0
51.06546,-121.7233,426,914,0.0,0.0,0
53.51301,-106.4889,2054,2022,337.6,5.71,1
52.22042,-101.11663,105,751,340.56,3.05,1
56.75431,-108.63612,1979,2027,342.73,42.37,1
71.34869,-109.97001,167,1634,0.0,0.0,0
46.52221,-84.39249,1309,637,296.65,2.2,1
51.43237,-88.37285,1887,1909,330.67,3.86,1
50.00602,-93.9088,487,1818,0.0,0.0,0
52.12385,-121.96865,1658,2042,0.0,0.0,0
50.50006,-119.11071,1856,2031,327.99,1.35,1
50.06197,-104.25525,1962,916,0.0,0.0,0
53.87155,-127.82696,2040,955,0.0,0.0,0
47.66035,-78.22775,760,1757,0.0,0.0,0
53.49494,-106.6964,1536,900,297.95,0.87,1
54.52075,-88.6675,105,1920,357.23,37.05,1
45.2811,-66.0127,197,727,300.11,1.36,1
53.69131,-109.68646,365,1946,330.34,2.68,1
56.22694,-121.06245,774,2019,345.85,5.77,1
47.0957,-84.55245,440,811,0.0,0.0,0
49.35065,-119.27168,122,1055,304.08,1.23,1
44.61044,-81.10848,1217,1829,330.71,5.63,1
46.04425,-73.14597,456,630,298.42,1.34,1
42.70158,-79.36596,744,812,0.0,0.0,0
46.35482,-80.52545,897,1829,0.0,0.0,0
56.46061,-129.51927,2009,1116,302.62,1.21,1
45.52842,-73.52986,0,720,0.0,0.0,0
49.78887,-103.19651,1461,908,0.0,0.0,0
53.39132,-117.32709,440,2121,337.37,2.55,1
55.9195,-106.39282,883,1935,0.0,0.0,0
51.90413,-106.92444,2023,1013,298.96,0.04,1
55.35245,-101.45089,548,1916,0.0,0.0,0
42.94931,-82.42143,1505,704,305.94,1.47,1
57.45025,-123.50694,927,2052,337.64,4.7,1
80.3273,-88.97514,1840,2030,0.0,0.0,0
57.64392,-122.55103,927,1100,0.0,0.0,0
42.42124,-81.5859,1658,734,0.0,0.0,0
50.76092,-96.55768,153,752,0.0,0.0,0
53.87577,-115.66998,548,927,0.0,0.0,0
64.62026,-119.77277,91,2027,367.0,93.46,1
53.80557,-112.1169,548,2056,0.0,0.0,0
62.76225,-137.7267,1552,1039,311.14,2.48,1
42.80354,-80.10072,774,1833,337.07,5.65,1
58.54385,-113.20395,1278,1930,0.0,0.0,0
55.65044,-114.35686,1461,1047,0.0,0.0,0
42.92651,-82.43784,744,632,298.45,0.58,1
43.9465,-77.91062,91,715,0.0,0.0,0
54.15556,-108.28121,395,1033,312.22,2.0,1
48.37863,-77.28769,1156,1914,0.0,0.0,0
50.13524,-104.60945,760,951,0.0,0.0,0
75.35263,-112.27296,760,951,0.0,0.0,0
45.27988,-66.01588,1962,555,305.32,1.6,1
72.45888,-105.68858,1536,1706,0.0,0.0,0
69.38159,-72.31784,379,2023,0.0,0.0,0
53.85831,-115.46128,913,1023,0.0,0.0,0
48.5295,-80.713,944,1848,328.18,2.83,1
56.45548,-117.313,183,2000,0.0,0.0,0
56.3139,-129.1424,562,1004,307.95,2.04,1
46.52298,-84.36613,532,747,297.3,1.29,1
49.38669,-103.45972,153,2101,0.0,0.0,0
56.86131,-120.90729,1309,957,316.34,2.22,1
45.74455,-82.30293,1552,1849,0.0,0.0,0
52.72758,-111.07278,379,1843,328.34,6.63,1
50.49332,-99.7504,1323,1843,0.0,0.0,0
49.86948,-98.34501,440,1938,333.46,8.3,1
53.58129,-113.33039,501,2037,334.16,4.52,1
49.54268,-120.85164,1231,2050,0.0,0.0,0
56.70729,-117.61083,426,1904,338.46,5.05,1
63.73772,-122.06496,1597,1950,367.0,161.34,1
51.07012,-115.13707,61,958,304.95,0.58,1
50.69295,-105.13618,1675,1842,367.0,15.05,1
51.15568,-103.87067,395,1842,339.76,8.52,1
51.59732,-97.7958,122,1901,0.0,0.0,0
56.87648,-120.88004,1156,1919,0.0,0.0,0
49.94463,-101.35033,183,1958,349.65,13.22,1
50.29817,-125.9669,1628,1157,297.07,1.08,1
49.83647,-121.2802,730,915,0.0,0.0,0
51.19322,-97.25235,1248,2031,0.0,0.0,0
46.29997,-76.29674,1156,1733,0.0,0.0,0
69.08072,-122.14843,1917,1808,0.0,0.0,0
51.70813,-98.00909,426,2042,0.0,0.0,0
53.19463,-108.82268,593,843,0.0,0.0,0
54.26382,-102.59507,1901,1804,0.0,0.0,0
50.98584,-123.33077,1505,1024,0.0,0.0,0
56.48575,-111.66308,1870,2111,0.0,0.0,0
46.43961,-74.66327,927,1103,0.0,0.0,0
49.30377,-99.10367,1948,1826,0.0,0.0,0
75.4183,-99.65318,958,2108,0.0,0.0,0
51.56473,-95.59827,1993,1923,341.65,15.9,1
51.73338,-97.94614,1840,1850,0.0,0.0,0
55.21966,-117.89538,730,1904,0.0,0.0,0
43.68822,-77.37638,167,650,0.0,0.0,0
62.40611,-123.88783,927,1103,0.0,0.0,0
45.279,-66.02347,791,508,296.5,2.47,1
53.33165,-116.8124,1461,1048,0.0,0.0,0
43.9883,-66.13316,2040,1134,0.0,0.0,0
53.94633,-99.40154,1644,834,300.27,1.49,1
55.95645,-122.42827,913,2014,367.0,46.37,1
47.76991,-83.42803,1614,1927,0.0,0.0,0
53.48603,-112.72768,730,913,0.0,0.0,0
42.87847,-82.40748,409,612,351.47,9.42,1
50.41375,-119.68786,1917,1000,0.0,0.0,0
59.16128,-129.32628,122,1055,0.0,0.0,0
46.50092,-70.87146,75,1659,341.05,4.49,1
57.04094,-111.63312,1109,1049,304.32,1.82,1
58.35477,-114.63897,835,944,0.0,0.0,0
42.25017,-81.3999,1840,723,0.0,0.0,0
54.93926,-127.84615,1644,1156,0.0,0.0,0
54.83933,-99.7056,1979,856,312.12,1.23,1
61.82642,-135.17283,1200,2035,0.0,0.0,0
51.49633,-124.416,958,2109,0.0,0.0,0
53.95156,-107.85633,1292,836,0.0,0.0,0
44.05581,-77.12164,1217,704,304.1,1.12,1
49.60879,-125.14742,1840,2031,0.0,0.0,0
67.17721,-86.47952,487,1818,0.0,0.0,0
54.10027,-111.10867,579,1935,356.36,29.07,1
50.75211,-99.66885,1583,1908,0.0,0.0,0
50.68735,-120.4068,136,952,298.79,0.98,1
48.25251,-79.02182,1583,1907,334.03,4.95,1
54.1582,-108.2861,518,848,319.53,2.12,1
65.06844,-96.98834,30,939,0.0,0.0,0
46.52526,-84.37086,913,703,296.95,1.0,1
55.29721,-87.29945,1552,1849,345.17,11.5,1
44.16716,-76.80008,91,715,305.61,0.85,1
49.96778,-112.77528,44,2004,330.36,1.23,1
62.71314,-119.415,1552,2033,347.06,56.24,1
60.70441,-111.33788,913,1021,0.0,0.0,0
57.46192,-130.31156,2054,2024,0.0,0.0,0
64.19639,-113.9321,1200,859,367.0,5.57,1
52.98364,-99.03628,1536,1706,0.0,0.0,0
46.8651,-84.79149,1461,728,0.0,0.0,0
46.61151,-81.8137,1278,759,0.0,0.0,0
42.16514,-81.6504,1475,1750,0.0,0.0,0
55.99936,-117.39564,1461,2038,0.0,0.0,0
44.43057,-79.30945,1583,741,0.0,0.0,0
42.31411,-82.05276,1644,656,306.83,1.39,1
42.8026,-80.10206,1870,1745,344.65,5.92,1
52.94409,-77.705,1278,1746,355.33,14.17,1
50.92732,-100.23502,136,1939,0.0,0.0,0
71.47541,-109.21529,426,1900,0.0,0.0,0
54.34994,-118.41373,30,1118,303.66,0.79,1
55.83923,-116.59073,913,2154,0.0,0.0,0
79.7272,-94.73094,1583,1907,0.0,0.0,0
51.16954,-102.29078,1856,1850,0.0,0.0,0
51.21069,-114.59141,2023,1014,0.0,0.0,0
53.1553,-122.76624,228,1106,296.37,0.93,1
63.1839,-140.76686,1597,2312,367.0,8.73,1
68.30157,-128.11864,913,2011,0.0,0.0,0
46.85149,-83.73242,1856,722,0.0,0.0,0
53.91342,-114.02679,1231,921,0.0,0.0,0
49.40255,-97.23983,913,843,0.0,0.0,0
55.20009,-122.70826,2040,955,0.0,0.0,0
53.18755,-76.15293,1186,1632,367.0,23.14,1
53.99859,-132.35105,944,2213,0.0,0.0,0
50.67149,-107.06438,760,1939,0.0,0.0,0
43.30505,-81.7675,1675,715,0.0,0.0,0
45.81129,-65.52708,2054,1657,325.16,2.58,1
51.2837,-99.2331,1856,902,319.64,2.12,1
51.19597,-116.32592,1309,959,0.0,0.0,0
49.19054,-83.8064,1597,1804,356.25,23.6,1
55.75209,-100.60693,1614,938,297.94,1.02,1
52.06116,-106.75346,183,1959,0.0,0.0,0
53.79343,-113.09937,470,1029,309.23,2.72,1
49.56472,-99.39685,1461,1855,0.0,0.0,0
66.28071,-128.57483,1536,1854,367.0,48.07,1
56.78804,-128.58502,2009,1116,0.0,0.0,0
46.89821,-84.85783,30,1744,0.0,0.0,0
52.03832,-101.38049,835,1754,353.24,10.32,1
55.497,-125.97222,1689,931,0.0,0.0,0
47.65073,-76.21705,440,1756,0.0,0.0,0
66.89481,-138.2472,487,2004,0.0,0.0,0
50.52161,-104.63757,1962,916,317.41,2.14,1
49.59018,-117.07974,1840,2030,348.15,5.86,1
60.25164,-71.48301,1826,1075,0.0,0.0,0
57.44792,-123.50666,927,1100,311.6,1.72,1
61.67894,-134.28178,1475,1750,0.0,0.0,0
45.83715,-73.25366,1644,655,308.74,1.23,1
57.00407,-111.47887,1644,1015,297.73,1.1,1
51.819,-100.28173,61,1945,367.0,62.46,1
52.70713,-76.7808,1278,1746,0.0,0.0,0
49.04346,-120.59497,1309,959,320.16,1.65,1
50.17493,-122.11704,1917,2129,0.0,0.0,0
65.37851,-118.43977,821,2040,0.0,0.0,0
43.2619,-79.80949,426,1858,340.81,9.29,1
59.83716,-123.19479,487,1818,0.0,0.0,0
55.87488,-124.52818,1170,2136,367.0,41.44,1
50.21078,-122.91638,866,2133,0.0,0.0,0
50.94654,-80.42049,1200,901,0.0,0.0,0
51.65072,-102.31017,1614,1927,337.88,21.05,1
56.80439,-120.14004,2054,2023,0.0,0.0,0
56.39945,-120.25198,1095,2143,358.28,52.28,1
54.09486,-83.41319,1644,834,0.0,0.0,0
51.3097,-116.03693,1675,1035,0.0,0.0,0
51.23545,-103.44062,426,1901,0.0,0.0,0
49.7606,-97.19318,913,843,295.57,0.45,1
56.68308,-107.74833,1917,1809,0.0,0.0,0
65.14282,-128.26441,456,1755,0.0,0.0,0
49.94961,-109.80498,883,1125,0.0,0.0,0
60.55748,-116.29497,1139,1938,0.0,0.0,0
67.27907,-138.84433,456,2306,367.0,77.71,1
49.12568,-97.49893,167,1817,328.76,2.03,1
55.09243,-102.893,1887,739,367.0,31.17,1
46.25718,-83.71224,1491,806,0.0,0.0,0
52.96793,-60.43023,1614,1927,0.0,0.0,0
46.51773,-84.39369,1262,1745,331.45,5.43,1
54.67998,-61.58988,61,1801,0.0,0.0,0
54.12222,-127.86251,440,2121,340.93,4.27,1
52.64856,-115.07668,1583,1100,334.97,2.96,1
56.02072,-107.54035,821,2037,0.0,0.0,0
63.04595,-91.18173,1614,755,0.0,0.0,0
44.28286,-80.68767,0,1846,0.0,0.0,0
64.2281,-121.33249,1931,2029,0.0,0.0,0
49.02457,-119.59836,1217,844,367.0,7.12,1
51.31702,-109.4252,1125,2038,333.75,1.47,1
45.93119,-77.34709,1109,1715,327.44,5.47,1
50.77234,-119.71488,379,2204,336.43,5.36,1
53.04986,-118.14594,883,946,324.7,3.27,1
49.36534,-120.88963,562,1006,341.45,4.77,1
53.8773,-108.25128,760,950,0.0,0.0,0
43.82304,-78.6123,1139,1751,0.0,0.0,0
53.62431,-107.54427,593,1024,0.0,0.0,0
50.25284,-104.43662,0,721,0.0,0.0,0
68.72986,-139.46318,2023,1818,0.0,0.0,0
54.28009,-85.25263,1644,1643,0.0,0.0,0
50.45394,-110.50354,866,1005,0.0,0.0,0
49.769,-98.13657,14,1926,336.2,3.8,1
57.81828,-119.07336,1231,2052,0.0,0.0,0
53.9201,-108.52468,1262,939,0.0,0.0,0
53.5044,-111.34662,1536,2030,0.0,0.0,0
54.53411,-119.74667,1887,1102,341.72,7.46,1
60.36082,-131.93531,1552,2033,0.0,0.0,0
57.04931,-111.62386,1292,835,297.33,0.9,1
44.46046,-76.48027,1262,800,0.0,0.0,0
50.02038,-116.15963,379,2023,0.0,0.0,0
46.47189,-83.58816,744,631,0.0,0.0,0
46.62876,-83.5272,0,1847,0.0,0.0,0
55.42053,-94.42872,197,1712,0.0,0.0,0
49.56585,-121.41465,409,933,0.0,0.0,0
58.14109,-103.42111,1552,1851,0.0,0.0,0
51.22554,-120.09702,228,2055,338.84,12.95,1
44.05577,-77.12171,805,727,301.74,1.69,1
62.47621,-131.46213,821,2040,367.0,151.63,1
46.52011,-84.37389,1856,722,327.83,3.44,1
49.43434,-123.11143,1931,1039,0.0,0.0,0
53.22727,-104.96374,866,1953,0.0,0.0,0
52.69611,-114.56822,821,907,0.0,0.0,0
48.03767,-74.4733,75,1659,0.0,0.0,0
51.71978,-124.25891,1278,940,0.0,0.0,0
49.16252,-120.04712,365,2126,348.85,7.1,1
54.85921,-117.46777,214,2018,345.3,4.99,1
45.09131,-63.92015,1597,1622,335.86,6.78,1
52.17673,-114.73696,791,1958,333.94,4.57,1
41.90952,-82.32713,744,812,0.0,0.0,0
52.91079,-85.80656,1217,1831,0.0,0.0,0
54.58498,-115.38524,440,951,296.87,0.9,1
55.19512,-115.30462,440,951,0.0,0.0,0
51.08161,-96.50712,1901,1807,0.0,0.0,0
49.15065,-120.29437,1170,1812,0.0,0.0,0
51.22158,-104.04975,14,1926,0.0,0.0,0
46.11305,-80.98618,395,714,0.0,0.0,0
56.13953,-91.75316,760,951,0.0,0.0,0
51.25031,-116.4091,1826,1005,0.0,0.0,0
46.2882,-63.67403,379,1659,350.73,9.24,1
44.42963,-77.20983,821,728,0.0,0.0,0
58.83024,-116.09955,866,2136,0.0,0.0,0
56.94045,-101.86132,1887,920,0.0,0.0,0
49.7059,-117.81161,1887,1102,0.0,0.0,0
69.37096,-96.0847,1292,1017,0.0,0.0,0
49.80108,-100.07202,2054,2021,347.59,2.55,1
49.20254,-98.62357,532,1914,346.55,4.84,1
46.08019,-72.75047,1962,1720,0.0,0.0,0
65.55372,-73.34413,791,1008,0.0,0.0,0
53.59649,-73.57816,456,1618,367.0,13.61,1
52.66556,-110.85763,1856,1851,367.0,21.95,1
55.35813,-73.9364,805,1714,0.0,0.0,0
53.01893,-114.6112,1689,1921,0.0,0.0,0
53.84589,-113.11539,2023,1013,319.78,3.18,1
56.87512,-123.18338,1505,2154,0.0,0.0,0
55.25254,-116.75137,1689,2102,358.23,42.83,1
55.17039,-112.60219,1675,1215,0.0,0.0,0
49.45589,-115.48168,744,2120,0.0,0.0,0
49.77008,-105.21598,1689,1919,343.33,5.38,1
51.76526,-104.86502,426,2042,0.0,0.0,0
46.0417,-73.14246,1901,1804,339.81,3.35,1
65.43844,-122.16597,562,1952,0.0,0.0,0
54.30728,-128.58423,440,2121,0.0,0.0,0
54.60354,-119.36464,927,920,0.0,0.0,0
63.30108,-127.32774,1248,1040,0.0,0.0,0
49.24308,-96.1877,1644,836,0.0,0.0,0
51.74181,-114.13697,1887,922,324.1,2.32,1
45.72246,-65.53981,1323,715,0.0,0.0,0
45.27987,-66.01533,214,708,296.41,1.1,1
46.52158,-84.37254,30,758,315.82,2.58,1
54.06948,-77.73955,1901,1807,0.0,0.0,0
58.0647,-109.89349,821,1858,0.0,0.0,0
54.97403,-129.52859,1826,2135,0.0,0.0,0
52.5154,-88.80163,456,1939,0.0,0.0,0
51.2022,-96.1972,1948,837,0.0,0.0,0
56.48887,-120.11448,470,2019,0.0,0.0,0
53.04801,-106.90727,122,2043,0.0,0.0,0
52.71695,-111.04671,1262,2109,345.81,5.69,1
55.11923,-117.50801,532,1107,0.0,0.0,0
52.30777,-113.55746,501,908,303.49,1.75,1
54.21475,-115.91566,456,951,0.0,0.0,0
61.28856,-112.00562,91,852,367.0,8.25,1
69.91969,-95.59846,61,1801,0.0,0.0,0
61.07857,-135.00053,913,2016,0.0,0.0,0
43.2704,-79.80495,167,1815,335.4,2.67,1
45.61118,-66.09203,821,546,0.0,0.0,0
50.61855,-120.89225,730,1055,0.0,0.0,0
71.57483,-109.86587,805,1712,0.0,0.0,0
50.48321,-98.1995,122,733,0.0,0.0,0
57.30917,-121.50031,1156,1919,367.0,9.02,1
46.51649,-84.39347,1993,1741,341.23,9.23,1
50.8544,-119.50551,1262,1929,367.0,22.69,1
49.76963,-125.66579,1231,2050,336.85,3.99,1
50.18496,-98.10727,122,733,303.71,1.01,1
55.0816,-120.37876,501,2038,355.37,87.6,1
51.74731,-115.33079,774,848,0.0,0.0,0
61.49839,-125.98806,1628,1014,314.96,3.62,1
50.354,-124.38255,1323,2205,0.0,0.0,0
67.30957,-125.09986,1948,1017,0.0,0.0,0
48.23431,-80.43615,944,1848,0.0,0.0,0
54.5876,-120.79812,470,2019,0.0,0.0,0
65.84997,-116.99957,487,2003,367.0,48.26,1
49.64874,-125.9176,14,939,0.0,0.0,0
74.95932,-112.54547,1217,1829,0.0,0.0,0
56.1396,-119.48488,1870,939,0.0,0.0,0
46.22062,-83.9537,1552,721,0.0,0.0,0
50.95776,-96.72175,1139,806,0.0,0.0,0
59.85974,-122.14474,1979,1036,306.3,1.27,1
53.3503,-62.80047,548,1107,0.0,0.0,0
56.58949,-111.1624,1552,1851,0.0,0.0,0
56.75819,-121.96913,883,1125,300.95,1.24,1
52.22412,-114.19532,470,849,0.0,0.0,0
50.84039,-121.19778,1901,1000,0.0,0.0,0
52.03492,-104.34419,136,1939,348.18,7.49,1
50.69033,-120.40917,1901,1000,297.57,1.24,1
45.39736,-66.60241,197,727,0.0,0.0,0
50.84985,-99.84956,1323,2024,0.0,0.0,0
50.1367,-90.33712,440,1938,334.76,2.95,1
53.20931,-112.82183,532,2056,0.0,0.0,0
54.47985,-84.23387,548,1107,0.0,0.0,0
50.5987,-94.86512,1993,1923,0.0,0.0,0
62.13849,-112.58971,1993,933,296.92,0.86,1
44.29721,-77.2056,122,734,0.0,0.0,0
59.96659,-127.55814,866,2136,0.0,0.0,0
52.94401,-75.84721,1170,1632,367.0,11.71,1
70.65792,-96.22975,579,1753,0.0,0.0,0
47.86578,-83.33075,122,1055,0.0,0.0,0
53.36312,-108.34515,61,1946,343.64,19.08,1
54.87262,-87.28527,1628,1821,0.0,0.0,0
50.5793,-105.35659,730,914,0.0,0.0,0
43.0178,-79.65318,501,1853,0.0,0.0,0
55.72468,-119.39899,548,1107,339.81,5.31,1
56.08871,-123.06689,1675,2025,0.0,0.0,0
49.57335,-115.23217,409,933,0.0,0.0,0
53.66796,-122.30597,562,2135,353.9,39.97,1
54.69988,-126.85155,1644,1156,310.32,1.3,1
46.39732,-62.68548,1840,1706,0.0,0.0,0
53.60456,-128.83486,1901,959,0.0,0.0,0
52.72485,-95.02884,1231,1909,0.0,0.0,0
44.49828,-77.01475,1979,718,0.0,0.0,0
49.76075,-110.41898,774,1029,0.0,0.0,0
67.85417,-97.18454,1278,941,0.0,0.0,0
42.49452,-79.95886,0,1845,0.0,0.0,0
45.83636,-73.24896,1979,1702,327.87,3.43,1
53.94098,-102.53869,1475,1934,356.83,21.22,1
53.84662,-113.12016,1628,2006,331.86,4.33,1
51.73595,-108.46259,1614,1928,0.0,0.0,0
55.93938,-100.02439,518,847,0.0,0.0,0
54.68148,-98.86808,1917,1948,0.0,0.0,0
50.23281,-102.39359,532,1915,335.5,8.13,1
56.14644,-120.66785,1840,1853,325.34,3.8,1
45.30435,-74.99048,2054,712,311.77,1.28,1
53.10548,-99.8223,183,829,327.13,4.07,1
53.96285,-88.24128,1614,1927,0.0,0.0,0
49.33969,-124.63171,1840,2031,331.85,2.96,1
42.58762,-80.65565,1536,1705,0.0,0.0,0
46.52131,-84.3762,1491,806,330.92,5.31,1
45.18761,-74.61411,532,1732,335.02,5.2,1
59.30864,-122.05241,1870,2112,345.89,17.88,1
43.81565,-81.71573,2009,1741,0.0,0.0,0
60.55435,-126.29431,835,2117,338.99,4.59,1
42.80629,-80.09695,1248,1847,340.5,8.15,1
53.23521,-102.74931,532,1915,347.41,68.72,1
49.14044,-120.84989,365,2126,0.0,0.0,0
46.04293,-73.1451,1231,741,296.07,1.54,1
54.01962,-128.68065,2040,955,314.85,1.06,1
66.48304,-101.83741,1109,1714,0.0,0.0,0
50.79608,-104.4191,1979,2026,0.0,0.0,0
60.45612,-125.96135,1156,2100,344.89,4.29,1
57.00769,-111.48318,897,842,302.82,1.34,1
56.76876,-111.05729,1628,834,0.0,0.0,0
48.51267,-79.25519,562,1810,0.0,0.0,0
61.02435,-122.98392,1248,2034,333.48,4.94,1
51.2529,-99.15331,1583,1908,352.51,95.05,1
54.43867,-107.76332,44,835,0.0,0.0,0
46.59981,-73.24137,1491,625,0.0,0.0,0
60.98939,-126.46754,835,2117,0.0,0.0,0
50.33268,-97.77559,153,752,367.0,10.77,1
46.81327,-71.18085,501,1713,337.41,4.26,1
54.38056,-113.62431,1109,1859,0.0,0.0,0
53.74396,-102.64573,548,745,0.0,0.0,0
50.70361,-114.81872,153,933,0.0,0.0,0
54.703,-74.27415,153,609,297.88,0.08,1
68.98993,-70.46328,1583,1907,0.0,0.0,0
47.02268,-71.56942,1856,1707,332.81,3.52,1
51.89243,-116.525,426,1900,0.0,0.0,0
45.83796,-73.24692,1309,817,323.65,3.41,1
43.26432,-79.80746,0,1846,326.43,4.22,1
55.1247,-122.58203,1658,2043,343.42,25.31,1
53.33737,-112.58602,1461,1048,0.0,0.0,0
55.86025,-118.958,1200,902,0.0,0.0,0
53.48507,-125.74097,487,1151,367.0,10.87,1
82.24769,-80.17269,1948,1017,0.0,0.0,0
56.18222,-118.05267,30,1928,0.0,0.0,0
49.94764,-111.65846,44,2004,0.0,0.0,0
55.33553,-119.22083,1583,1100,317.18,2.02,1
54.15851,-108.28086,2009,935,302.24,1.24,1
50.87292,-122.92068,1217,1025,367.0,15.05,1
45.54827,-75.63023,1689,1737,0.0,0.0,0
50.77889,-97.19327,1248,2031,330.48,4.64,1
46.65206,-79.94147,1962,1721,0.0,0.0,0
50.52341,-80.42713,1231,1908,367.0,141.03,1
51.64868,-100.53675,1125,2038,347.47,4.96,1
47.00782,-70.96666,214,527,300.25,1.66,1
53.84427,-113.08954,1231,921,307.13,1.63,1
58.00016,-122.77112,805,2038,0.0,0.0,0
45.4465,-74.4874,532,1732,0.0,0.0,0
46.51714,-84.39797,744,631,310.54,1.98,1
53.3699,-124.67261,197,1048,333.05,3.65,1
53.04651,-66.51758,456,1755,0.0,0.0,0
50.3987,-105.92013,1536,1706,0.0,0.0,0
71.88777,-105.4272,167,1634,0.0,0.0,0
53.01807,-125.64236,1292,1017,321.51,3.15,1
49.62471,-103.06594,1536,901,337.37,2.91,1
45.78584,-66.39947,1139,1751,344.4,8.1,1
51.45237,-120.07056,1597,2127,331.7,2.94,1
51.16644,-99.50534,944,1850,332.46,5.78,1
53.78862,-106.89824,774,2017,0.0,0.0,0
51.99189,-103.86131,1125,2038,0.0,0.0,0
66.8501,-133.62723,1962,1053,331.93,3.56,1
51.6911,-125.04199,1278,940,332.4,4.96,1
43.03461,-81.1661,1475,1750,0.0,0.0,0
58.12414,-107.85155,487,1818,0.0,0.0,0
53.79575,-113.09909,1262,939,308.54,1.5,1
56.2717,-111.27763,1993,1741,0.0,0.0,0
56.84504,-75.84989,791,1008,0.0,0.0,0
63.32288,-140.52919,1536,2214,0.0,0.0,0
51.68508,-92.15172,1901,1947,0.0,0.0,0
45.50654,-72.76045,1309,817,0.0,0.0,0
59.67725,-112.05604,1887,2053,367.0,99.32,1
52.83414,-93.97114,593,1832,0.0,0.0,0
49.09727,-123.01645,1217,1025,316.29,1.57,1
49.09893,-123.01832,395,1036,297.86,0.98,1
51.38066,-73.56792,821,1858,0.0,0.0,0
51.25505,-118.89577,2023,2143,367.0,13.36,1
42.9305,-81.68697,1475,1750,329.88,2.44,1
52.7094,-124.13686,1675,1035,0.0,0.0,0
46.98476,-84.7631,1186,1811,0.0,0.0,0
51.54435,-115.82871,2040,955,0.0,0.0,0
62.19184,-115.56992,44,2003,0.0,0.0,0
49.10859,-122.4935,30,940,301.98,1.33,1
53.63908,-101.97645,1292,2006,0.0,0.0,0
62.53012,-139.71843,440,2124,332.4,2.29,1
59.69997,-106.96783,821,1858,0.0,0.0,0
76.35094,-91.15032,1200,1043,0.0,0.0,0
51.66987,-101.37331,1614,1927,0.0,0.0,0
54.98548,-119.96481,1826,1004,0.0,0.0,0
58.40145,-116.56416,866,2136,367.0,33.69,1
66.9802,-136.61176,1231,1059,305.22,1.39,1
73.61115,-94.64505,821,1858,0.0,0.0,0
61.98507,-140.45865,2023,1153,298.5,0.71,1
44.16761,-76.80173,1536,721,302.78,1.07,1
56.59099,-95.53534,153,933,0.0,0.0,0
49.62445,-114.26249,1217,2012,0.0,0.0,0
54.78021,-109.50588,122,2043,0.0,0.0,0
56.55007,-111.44313,1583,1059,0.0,0.0,0
68.06069,-107.87983,1614,1927,0.0,0.0,0
56.23702,-119.58223,1095,2143,0.0,0.0,0
54.48741,-67.237,730,914,0.0,0.0,0
57.11511,-108.50609,1979,2027,0.0,0.0,0
60.50689,-122.86204,1248,2034,0.0,0.0,0
45.83702,-73.24815,1856,1707,330.74,5.44,1
56.75945,-120.44274,1840,1853,0.0,0.0,0
47.87597,-71.06665,835,624,0.0,0.0,0
46.04255,-73.13985,122,1718,336.79,6.25,1
52.27389,-109.78567,1109,1858,346.6,4.32,1
49.382,-97.10853,1675,2022,329.14,4.59,1
60.88037,-136.51179,1292,1017,0.0,0.0,0
73.18204,-88.62638,1491,806,0.0,0.0,0
52.66086,-105.41808,1125,2039,0.0,0.0,0
52.52081,-123.70233,1248,1043,0.0,0.0,0
45.46744,-74.76565,105,1737,0.0,0.0,0
53.75589,-84.79552,1644,1643,352.96,7.92,1
53.71902,-125.73321,1292,2007,354.23,17.63,1
50.54586,-118.99796,426,2042,336.23,4.83,1
51.34081,-95.01489,456,810,367.0,36.99,1
52.49766,-58.73583,1262,1745,0.0,0.0,0
49.11821,-103.22617,61,1944,335.4,1.32,1
56.29843,-109.05503,1217,842,0.0,0.0,0
56.94289,-62.05552,1200,1710,325.32,2.74,1
49.64589,-126.06584,958,2108,342.29,8.36,1
51.07661,-97.51357,122,1901,367.0,82.31,1
56.14485,-120.66019,409,1111,331.83,5.06,1
46.48622,-81.03676,1475,625,326.19,4.85,1
45.34724,-64.42168,2009,1740,0.0,0.0,0
56.0815,-121.08267,365,1947,342.57,12.77,1
47.06757,-84.70038,1309,637,0.0,0.0,0
54.15912,-108.27946,44,835,312.14,4.52,1
47.59275,-71.24627,214,527,0.0,0.0,0
46.47904,-73.30535,75,714,0.0,0.0,0
46.52162,-84.37706,440,811,338.22,2.6,1
42.90163,-82.44597,2054,713,308.84,1.73,1
45.28063,-66.01759,1870,619,298.47,0.84,1
54.15745,-108.28642,897,842,326.39,2.47,1
61.72835,-124.94607,1628,1014,0.0,0.0,0
50.77747,-119.7071,1917,1000,300.15,1.18,1
80.94438,-84.48329,897,1024,0.0,0.0,0
54.53279,-118.35638,1931,2027,335.23,3.21,1
55.96576,-105.29489,501,2038,0.0,0.0,0
60.63363,-108.62123,91,852,0.0,0.0,0
50.90231,-119.91126,944,2031,325.34,2.49,1
44.5109,-76.0386,532,1732,0.0,0.0,0
55.66029,-117.10369,1262,2110,0.0,0.0,0
48.43865,-79.67468,1109,729,0.0,0.0,0
51.10959,-103.65951,44,1824,367.0,10.82,1
71.91032,-122.72803,395,1841,0.0,0.0,0
66.92338,-138.2161,1231,1059,0.0,0.0,0
47.55479,-81.96265,0,720,319.58,2.08,1
46.47042,-81.04388,30,758,301.92,1.21,1
62.93969,-115.12519,1186,821,301.13,1.7,1
56.19517,-118.70472,167,2141,0.0,0.0,0
46.47136,-81.04643,0,721,299.67,0.85,1
64.55202,-132.72044,791,2143,0.0,0.0,0
67.55197,-138.32553,456,2306,0.0,0.0,0
51.52609,-99.24561,75,2023,0.0,0.0,0
52.52026,-113.92211,579,1935,342.8,5.46,1
46.60025,-64.98152,105,611,295.52,0.5,1
53.90485,-89.23262,1614,1927,326.39,5.08,1
50.51613,-104.62694,760,951,316.62,3.8,1
55.84667,-116.25887,1840,2032,339.22,8.56,1
61.44684,-128.6353,913,2011,0.0,0.0,0
54.16519,-126.88899,1095,1012,0.0,0.0,0
48.67708,-78.81306,1962,735,0.0,0.0,0
58.39898,-116.98062,2023,2145,367.0,21.7,1
61.56311,-119.95656,1979,1035,0.0,0.0,0
56.83761,-116.5342,1278,941,0.0,0.0,0
46.97788,-84.70765,1856,722,0.0,0.0,0
45.76999,-66.44674,1278,619,0.0,0.0,0
55.74263,-106.24432,1186,1814,367.0,26.34,1
45.86286,-65.80739,821,727,0.0,0.0,0
51.84585,-101.83247,927,1909,338.27,11.27,1
54.77982,-127.03134,395,2205,332.05,4.0,1
50.68835,-64.03741,1628,1642,326.07,3.29,1
65.74904,-122.4929,944,1850,0.0,0.0,0
49.82067,-100.56709,44,2004,344.34,5.19,1
46.33728,-72.85786,1552,720,0.0,0.0,0
43.30717,-82.13831,2054,713,0.0,0.0,0
52.07722,-107.5669,760,1940,0.0,0.0,0
50.48732,-97.00215,1675,1842,0.0,0.0,0
46.47364,-83.69002,75,1840,0.0,0.0,0
55.43382,-72.12781,14,1746,0.0,0.0,0
48.52993,-53.66479,1931,535,353.07,4.69,1
49.27549,-119.79018,1323,2205,356.9,22.82,1
58.85694,-117.16698,1309,957,0.0,0.0,0
55.19797,-112.39489,214,2018,0.0,0.0,0
55.87683,-118.17094,44,2006,0.0,0.0,0
55.33504,-119.22203,1475,1125,315.61,1.49,1
51.64055,-121.40384,805,1048,319.41,1.07,1
42.76027,-82.45824,1887,1726,353.75,6.96,1
49.08028,-122.29705,1278,941,0.0,0.0,0
54.90577,-125.0112,1675,2205,0.0,0.0,0
47.08228,-82.29471,1628,1822,0.0,0.0,0
49.97348,-99.72034,1323,1843,348.1,11.26,1
45.83738,-73.25037,228,745,317.42,1.83,1
51.46564,-104.33646,1125,2038,353.35,5.04,1
50.36802,-121.66677,1917,2129,339.66,5.73,1
63.0586,-107.06678,1583,1907,0.0,0.0,0
59.48028,-111.54258,1993,1926,355.43,24.26,1
51.03655,-96.27338,1186,1953,0.0,0.0,0
53.17724,-74.21295,456,1618,0.0,0.0,0
48.99267,-69.10757,1109,1714,0.0,0.0,0
53.16299,-108.05833,593,843,320.13,3.52,1
55.64014,-124.51957,593,1204,333.28,4.52,1
54.42809,-111.53098,518,2019,0.0,0.0,0
66.37576,-117.1901,835,2119,356.26,15.35,1
60.99908,-120.07407,1597,956,0.0,0.0,0
45.48052,-63.69266,153,1737,0.0,0.0,0
67.08381,-102.52998,1461,1048,0.0,0.0,0
44.08467,-80.26128,0,1846,0.0,0.0,0
46.18632,-63.26475,167,1634,0.0,0.0,0
49.59161,-120.13714,214,2158,357.08,22.1,1
50.51571,-104.62924,440,951,317.6,3.23,1
50.10694,-97.90737,14,1926,0.0,0.0,0
53.5689,-102.41691,395,1843,0.0,0.0,0
51.42067,-85.05691,136,1758,0.0,0.0,0
54.58149,-98.42886,1887,740,367.0,5.91,1
52.74314,-73.96747,805,1714,0.0,0.0,0
51.06006,-115.17471,1901,1000,299.59,0.85,1
46.04636,-70.9386,395,1659,331.99,2.56,1
60.21288,-134.54791,1292,2009,0.0,0.0,0
61.04731,-111.65151,805,1858,0.0,0.0,0
53.61077,-105.89039,593,2013,0.0,0.0,0
62.53393,-137.78231,122,1232,0.0,0.0,0
50.60841,-97.70752,14,1746,356.95,12.55,1
50.97416,-98.42445,44,835,301.34,1.04,1
49.54809,-91.80602,579,1753,0.0,0.0,0
55.25205,-88.01568,1552,1849,0.0,0.0,0
46.52222,-84.37616,1552,721,334.03,3.17,1
53.76733,-110.50745,744,811,0.0,0.0,0
49.27545,-99.96838,1689,1919,351.56,10.81,1
45.89777,-82.28469,1536,1846,325.9,2.05,1
61.98322,-130.4416,1200,1041,0.0,0.0,0
42.94741,-82.42361,1186,645,306.94,1.76,1
56.45039,-116.11074,730,2044,325.38,3.18,1
58.19167,-113.53071,1278,1930,351.06,39.21,1
49.00273,-101.43587,214,2016,350.15,11.3,1
61.66145,-130.6454,1552,2033,0.0,0.0,0
42.31111,-82.0518,897,704,305.8,1.69,1
51.44064,-88.37448,1887,1909,349.28,6.15,1
57.04503,-122.65781,379,2025,0.0,0.0,0
48.25117,-80.80241,944,1848,0.0,0.0,0
54.31251,-126.9321,1644,2146,334.0,20.64,1
51.72251,-109.64842,14,1927,0.0,0.0,0
58.20493,-95.75726,1948,836,0.0,0.0,0
50.45695,-98.15447,409,1919,0.0,0.0,0
54.33035,-113.63482,30,938,0.0,0.0,0
51.78203,-105.09606,409,1920,0.0,0.0,0
72.07909,-111.39976,1231,1908,0.0,0.0,0
50.85397,-99.39706,136,1939,327.36,3.17,1
51.206,-66.20008,1170,643,345.44,4.02,1
43.29601,-81.46769,153,753,0.0,0.0,0
52.59396,-89.34908,456,1939,350.59,6.29,1
57.55906,-114.81829,1248,2033,367.0,176.96,1
44.05132,-77.12,1262,800,297.81,1.48,1
50.33599,-99.15301,1628,1824,347.91,5.57,1
65.82134,-117.32917,470,2022,334.73,3.17,1
50.60544,-118.6424,1475,2115,0.0,0.0,0
54.68246,-99.04572,1887,740,0.0,0.0,0
43.27176,-79.8093,14,618,345.53,3.81,1
51.10771,-117.00326,1309,959,327.27,2.92,1
45.11217,-73.00902,75,714,295.96,0.97,1
52.47387,-121.09057,944,2031,367.0,86.88,1
45.83881,-73.24985,1461,728,306.68,1.96,1
66.91887,-89.1495,14,1746,0.0,0.0,0
50.62207,-103.79092,1231,1909,0.0,0.0,0
49.28175,-119.08705,1689,2100,342.64,5.92,1
57.11921,-122.69182,1505,2154,341.87,3.41,1
46.51691,-84.39161,61,817,310.66,1.46,1
57.54448,-106.42115,487,2000,342.14,77.26,1
46.91419,-83.75481,1309,637,0.0,0.0,0
50.6216,-93.25282,1461,1048,0.0,0.0,0
60.57358,-103.36254,470,1839,333.07,3.74,1
64.33632,-105.09751,214,2018,0.0,0.0,0
53.86684,-114.92533,562,2135,0.0,0.0,0
44.32974,-76.18142,1614,619,0.0,0.0,0
73.55447,-78.65566,61,1801,0.0,0.0,0
61.05051,-69.61101,105,1741,335.83,4.36,1
55.78702,-101.60216,835,803,367.0,5.48,1
64.33638,-121.87398,1262,2113,0.0,0.0,0
42.9454,-82.41373,167,831,300.68,1.08,1
46.51576,-84.39944,866,824,314.81,1.46,1
52.89424,-104.71545,1475,945,0.0,0.0,0
45.45898,-74.97601,835,1750,339.2,3.87,1
43.93197,-81.05309,2009,1741,325.19,2.74,1
50.32224,-104.2748,1475,1934,0.0,0.0,0
53.82881,-125.276,197,1048,0.0,0.0,0
49.12908,-97.83226,1461,1855,0.0,0.0,0
63.07118,-133.61793,365,1946,0.0,0.0,0
52.04336,-88.12176,1887,1909,0.0,0.0,0
61.64594,-110.92231,1948,1016,346.02,5.39,1
64.46744,-83.31887,1200,1043,0.0,0.0,0
54.9824,-121.22008,470,2019,367.0,104.53,1
50.92653,-98.69276,183,1958,340.14,27.5,1
77.99155,-77.89912,75,1659,0.0,0.0,0
56.2963,-121.76099,1887,921,304.71,1.06,1
48.28823,-78.49505,1278,1745,0.0,0.0,0
42.53052,-80.11823,105,1917,0.0,0.0,0
60.20278,-108.4426,470,846,0.0,0.0,0
46.52184,-84.37291,1309,637,301.25,1.84,1
51.73532,-104.79186,197,1855,0.0,0.0,0
52.34475,-125.15488,409,2101,0.0,0.0,0
52.36618,-103.89099,105,2101,367.0,24.27,1
53.47888,-103.64633,1491,804,300.7,1.18,1
53.42141,-109.232,958,939,338.29,4.63,1
46.52061,-84.37607,1475,806,344.46,10.84,1
53.36155,-104.99582,1323,1844,0.0,0.0,0
51.22199,-88.07865,1887,1909,0.0,0.0,0
48.74661,-91.28368,1870,800,300.47,0.68,1
49.29331,-124.59547,1948,1020,367.0,5.67,1
48.42917,-70.82373,167,1635,325.74,1.28,1
52.85622,-108.13811,944,1851,356.86,5.86,1
50.12853,-96.90158,440,950,297.9,0.88,1
53.94232,-127.35828,1689,2102,0.0,0.0,0
56.1682,-96.48266,1887,1911,367.0,113.12,1
46.64584,-72.98608,1292,656,0.0,0.0,0
63.83323,-137.8399,1217,2157,349.21,38.9,1
56.32834,-121.79594,760,950,0.0,0.0,0
46.48832,-81.03353,30,1924,367.0,14.77,1
55.88906,-126.80432,1658,1053,0.0,0.0,0
64.85816,-99.68964,897,1024,0.0,0.0,0
49.70226,-114.91772,1217,2012,336.99,5.14,1
50.16266,-119.15671,1125,2038,0.0,0.0,0
51.13989,-104.52661,1262,1928,341.86,4.83,1
66.90538,-88.92186,167,1634,0.0,0.0,0
49.14071,-117.54458,214,1030,306.68,1.33,1
51.81347,-123.99597,183,2140,0.0,0.0,0
43.2607,-79.80836,183,650,320.45,1.97,1
55.13245,-63.96222,1658,1901,0.0,0.0,0
46.18609,-81.1844,1475,625,0.0,0.0,0
50.84258,-104.64729,1109,910,0.0,0.0,0
46.47409,-67.23267,1993,1740,0.0,0.0,0
46.57532,-80.79115,426,733,327.59,2.64,1
58.86117,-116.79855,791,1008,0.0,0.0,0
51.62982,-101.84233,14,1926,0.0,0.0,0
81.28459,-81.22379,501,1713,0.0,0.0,0
45.27647,-72.24345,1948,658,0.0,0.0,0
43.13188,-80.58387,1826,1809,328.5,1.82,1
58.57405,-122.57172,805,2038,325.15,1.78,1
55.03025,-110.32593,75,1034,0.0,0.0,0
51.29876,-117.79395,1309,959,0.0,0.0,0
69.79181,-97.4597,153,933,0.0,0.0,0
65.68082,-129.4696,1200,2217,338.38,5.57,1
49.47931,-102.85669,1856,903,296.6,0.57,1
63.31462,-125.15096,1993,1741,0.0,0.0,0
50.46915,-123.71849,2040,1134,0.0,0.0,0
45.3842,-72.2531,1917,639,0.0,0.0,0
42.8051,-80.09638,0,1845,337.22,3.85,1
44.9495,-76.17184,1248,1707,0.0,0.0,0
50.84905,-114.8498,1200,903,0.0,0.0,0
51.81958,-115.21963,426,2042,0.0,0.0,0
49.66746,-96.47458,105,932,0.0,0.0,0
58.86658,-122.88261,1109,1049,310.63,1.73,1
52.05761,-124.32454,183,2140,329.39,103.99,1
52.48859,-120.13138,958,940,0.0,0.0,0
51.56491,-74.94114,456,1755,0.0,0.0,0
53.9427,-108.86588,1292,836,308.1,3.22,1
54.68452,-115.05853,1689,1919,0.0,0.0,0
53.76169,-106.99307,791,828,298.31,2.51,1
62.4625,-133.34233,1248,2035,0.0,0.0,0
62.23334,-139.52655,440,2124,0.0,0.0,0
50.11246,-125.67895,14,939,308.79,2.05,1
43.26126,-79.8082,518,1834,340.34,6.28,1
53.98932,-111.36113,214,2018,0.0,0.0,0
49.72666,-99.30466,1840,2030,367.0,11.0,1
50.20012,-122.19299,866,2133,367.0,223.07,1
70.60102,-88.74238,744,811,0.0,0.0,0
55.64509,-124.51821,593,1204,332.44,9.23,1
49.60105,-116.63419,153,2101,0.0,0.0,0
46.11333,-71.51368,409,1737,0.0,0.0,0
50.04824,-116.01772,153,2101,351.68,75.03,1
55.26933,-100.47864,548,1916,332.63,3.06,1
64.35917,-99.65791,835,1750,0.0,0.0,0
52.53826,-93.31251,593,2013,346.02,11.45,1
49.43597,-118.07439,167,1958,0.0,0.0,0
49.09793,-123.01555,883,947,311.79,1.08,1
54.25981,-119.97043,1887,1102,0.0,0.0,0
49.42312,-123.37546,927,1103,0.0,0.0,0
52.87226,-105.34906,805,907,295.97,0.63,1
55.39423,-64.61184,1323,1844,0.0,0.0,0
51.91479,-101.32334,927,1909,0.0,0.0,0
46.67585,-70.56715,1870,1745,0.0,0.0,0
48.90608,-81.66615,791,1008,0.0,0.0,0
52.66182,-109.93636,1139,946,0.0,0.0,0
61.66121,-126.57564,791,1008,0.0,0.0,0
46.57561,-80.79155,1962,1721,347.17,7.21,1
47.17574,-78.80029,30,1744,327.06,4.52,1
54.37331,-107.74012,760,810,0.0,0.0,0
65.34032,-117.7903,487,2003,0.0,0.0,0
56.80273,-111.98205,1200,1043,0.0,0.0,0
75.31782,-84.29048,1491,806,0.0,0.0,0
55.87798,-96.87582,1887,1911,0.0,0.0,0
42.80381,-80.09572,1461,1853,332.65,6.94,1
53.00338,-68.33013,44,2003,0.0,0.0,0
58.84166,-116.4634,744,950,0.0,0.0,0
50.51601,-104.63146,532,1915,333.33,3.29,1
54.94505,-118.27364,532,1107,295.46,0.83,1
46.57622,-80.79247,501,728,322.51,1.81,1
54.24555,-118.68575,927,920,307.29,1.26,1
54.5135,-72.94308,774,1833,0.0,0.0,0
54.78983,-116.01062,228,925,0.0,0.0,0
72.52772,-100.96929,2040,1134,0.0,0.0,0
77.60107,-94.80031,1583,1907,0.0,0.0,0
54.95929,-118.29994,1262,1119,295.37,0.77,1
45.27996,-66.0174,1628,515,298.62,1.69,1
52.32336,-84.72146,1278,758,301.51,1.12,1
56.9388,-101.95923,866,1954,0.0,0.0,0
54.10121,-116.61665,456,951,315.59,1.26,1
51.97906,-90.84615,501,1855,334.15,5.32,1
53.82317,-108.59027,2009,935,0.0,0.0,0
49.69679,-104.67929,1689,1919,0.0,0.0,0
45.27812,-66.0154,1139,626,296.63,0.7,1
46.1203,-70.96275,1870,1745,334.8,5.27,1
53.15092,-111.05786,1856,1851,0.0,0.0,0
50.46637,-112.20435,1840,2030,336.92,63.4,1
46.41676,-71.31608,409,1737,339.84,3.34,1
44.05356,-77.12032,91,715,307.53,1.47,1
50.37665,-103.97563,14,1926,330.34,1.73,1
49.82937,-123.11844,1993,2104,0.0,0.0,0
59.24191,-97.88337,426,1900,0.0,0.0,0
53.67402,-112.36066,30,1118,0.0,0.0,0
54.14541,-122.85719,2040,955,0.0,0.0,0
54.18718,-107.70822,774,1028,0.0,0.0,0
54.99708,-118.65295,1826,1004,298.59,0.5,1
45.60111,-65.88037,1870,619,0.0,0.0,0
52.15459,-119.90943,1200,2032,327.46,5.02,1
47.40166,-79.35251,760,1757,335.38,1.8,1
44.05313,-77.1208,835,805,305.88,1.59,1
52.48991,-112.6701,75,2023,344.71,4.86,1
58.57504,-65.99165,228,1106,0.0,0.0,0
71.25808,-115.05161,1125,2038,0.0,0.0,0
45.45911,-73.08303,228,745,0.0,0.0,0
54.93002,-123.55309,2040,955,353.48,5.71,1
50.8163,-89.79337,1231,740,305.85,1.54,1
58.78968,-97.82571,866,1629,0.0,0.0,0
56.38071,-120.99009,913,2155,0.0,0.0,0
52.83923,-114.28499,1583,1100,0.0,0.0,0
46.38228,-83.63864,1931,717,0.0,0.0,0
44.30348,-76.18034,1323,716,0.0,0.0,0
53.84627,-113.11799,927,920,309.9,2.87,1
47.29175,-73.57048,774,1833,0.0,0.0,0
53.08107,-117.13288,883,946,0.0,0.0,0
78.66055,-97.48309,1491,806,0.0,0.0,0
45.8535,-72.69795,1840,721,0.0,0.0,0
56.43541,-120.63645,1125,2040,0.0,0.0,0
46.51592,-84.39389,774,1834,334.49,3.99,1
49.03122,-121.13029,927,922,367.0,26.37,1
55.51286,-127.61555,1658,1053,301.62,1.08,1
56.35143,-105.36514,532,1732,0.0,0.0,0
55.39894,-129.24537,440,951,0.0,0.0,0
64.96969,-129.2574,75,1659,0.0,0.0,0
53.44953,-112.40778,440,951,0.0,0.0,0
54.29073,-124.80906,2054,2203,0.0,0.0,0
50.73874,-106.56141,760,1939,333.26,3.44,1
58.82144,-127.14951,1870,939,332.41,4.45,1
55.68871,-88.68309,1628,1825,337.47,25.79,1
42.39703,-80.49212,774,1833,0.0,0.0,0
43.26147,-79.80767,579,626,332.69,3.79,1
44.94479,-64.57884,1475,1750,0.0,0.0,0
46.07291,-70.91737,579,1751,328.17,5.5,1
43.4761,-80.37807,760,631,0.0,0.0,0
69.38346,-67.85847,944,1850,0.0,0.0,0
51.19361,-115.50682,1826,1005,326.25,2.78,1
65.43703,-127.44422,518,2203,0.0,0.0,0
53.84377,-113.11864,61,1946,327.03,3.11,1
54.31127,-111.57478,2040,955,301.82,2.63,1
52.07148,-89.66516,501,1855,0.0,0.0,0
53.79673,-113.09777,440,951,300.96,0.83,1
48.25395,-79.01909,1993,755,329.82,2.93,1
45.12727,-75.67823,1689,1736,329.66,2.76,1
51.78751,-103.98052,105,2101,0.0,0.0,0
53.84661,-113.11081,30,1118,313.1,2.08,1
54.44903,-127.45379,1644,2146,0.0,0.0,0
45.77954,-72.81518,183,649,0.0,0.0,0
55.54439,-120.70514,1856,2214,357.23,33.92,1
46.04377,-73.14249,1505,702,311.55,1.67,1
80.82837,-87.80074,1962,1720,0.0,0.0,0
82.40185,-67.24202,183,1001,0.0,0.0,0
49.01864,-57.6748,866,502,367.0,4.23,1
42.81662,-81.32486,1840,723,303.68,0.77,1
49.46063,-122.8095,1217,1025,0.0,0.0,0
53.35692,-114.58502,379,2024,0.0,0.0,0
56.6232,-117.31033,1461,2038,347.68,12.12,1
45.27886,-66.01642,821,546,301.63,2.39,1
61.67924,-130.76047,1200,1041,296.38,1.11,1
49.38718,-101.51823,518,849,0.0,0.0,0
50.08884,-110.71374,2009,1924,327.86,2.87,1
58.05722,-103.23983,1536,1706,0.0,0.0,0
51.96669,-113.37429,927,1101,0.0,0.0,0
44.05453,-77.11957,14,758,298.32,1.0,1
50.72379,-112.85378,1840,2030,0.0,0.0,0
50.88729,-118.82832,1475,2115,345.02,6.52,1
47.44639,-71.83839,1856,1707,0.0,0.0,0
51.02289,-119.21319,548,927,0.0,0.0,0
58.71104,-113.88284,958,1930,327.25,5.58,1
45.46805,-75.19176,744,811,310.58,0.13,1
45.91944,-73.56304,1505,702,0.0,0.0,0
57.04189,-111.634,1689,1110,295.32,0.86,1
49.3685,-101.48346,1217,1024,297.24,1.33,1
42.51681,-82.64489,409,612,0.0,0.0,0
47.70958,-76.64896,440,1756,342.27,35.87,1
53.66211,-107.4858,197,907,320.75,1.75,1
46.91112,-84.48395,913,703,0.0,0.0,0
53.55959,-113.35004,1125,1049,307.56,0.9,1
49.07327,-104.07847,501,908,299.75,0.45,1
46.486,-81.03446,395,714,308.72,1.67,1
54.48806,-114.25132,44,2146,342.16,8.48,1
50.51513,-104.62819,197,908,325.89,2.7,1
43.27201,-79.80633,1109,1714,342.42,10.08,1
46.51481,-84.39756,2040,815,320.86,1.91,1
46.23283,-81.89194,30,758,0.0,0.0,0
41.8567,-82.33523,1323,1840,0.0,0.0,0
52.30871,-113.55302,470,849,296.21,1.33,1
55.86007,-102.73922,1658,1902,342.68,54.94,1
57.54898,-111.8377,1109,1049,0.0,0.0,0
44.54382,-80.56781,0,1846,340.79,5.96,1
51.2086,-99.99929,1628,1824,367.0,73.97,1
46.5749,-80.79124,136,630,367.0,7.62,1
52.00554,-120.7989,579,1936,367.0,38.8,1
53.9316,-115.17539,774,2018,330.72,3.61,1
46.04253,-73.14132,897,1829,336.05,3.76,1
55.67697,-76.81974,1962,1720,0.0,0.0,0
66.4867,-94.8404,1962,1720,0.0,0.0,0
49.12109,-120.45792,1931,2206,367.0,162.7,1
55.46413,-124.03073,958,2110,329.84,4.05,1
50.65372,-74.94308,1614,1927,0.0,0.0,0
45.74848,-66.25513,1870,1745,348.61,5.0,1
59.96368,-120.9788,1139,945,295.44,1.26,1
58.27932,-76.90514,501,1713,0.0,0.0,0
57.04313,-111.61684,1491,944,295.45,1.19,1
64.03099,-135.84467,456,948,300.55,1.16,1
52.88033,-122.89122,228,1106,0.0,0.0,0
59.33769,-113.88851,1536,1852,338.19,11.62,1
55.88986,-76.75744,1186,1814,0.0,0.0,0
46.24169,-73.70186,122,1718,0.0,0.0,0
55.62556,-116.48524,214,2019,328.0,1.95,1
51.69047,-101.9441,835,1754,0.0,0.0,0
56.12305,-130.18291,562,1004,0.0,0.0,0
51.7254,-86.16991,1979,1845,339.01,4.86,1
54.60872,-118.66654,1979,856,304.35,1.31,1
73.45752,-120.65101,1186,1814,0.0,0.0,0
54.01637,-128.67563,1675,1215,309.05,1.24,1
49.84713,-124.37785,1156,1109,315.11,3.08,1
49.98217,-101.34051,1323,1843,332.06,4.57,1
49.04414,-103.2468,153,2101,349.04,40.55,1
45.30964,-65.44564,1993,614,0.0,0.0,0
61.31531,-131.54435,821,2221,0.0,0.0,0
44.63396,-81.48043,1109,1715,0.0,0.0,0
50.77035,-97.02293,365,1945,339.82,4.7,1
54.40847,-90.53421,1583,1908,0.0,0.0,0
46.52267,-84.37894,1644,655,338.44,3.62,1
49.11573,-118.35836,1689,2100,0.0,0.0,0
61.68629,-129.72699,1552,2033,331.98,4.23,1
57.00376,-111.47906,791,1959,327.35,2.59,1
56.25891,-90.11855,1917,1808,367.0,119.56,1
66.17263,-98.90412,532,1732,0.0,0.0,0
58.10606,-65.90199,1186,1814,0.0,0.0,0
45.43594,-64.10435,1475,1750,338.4,6.58,1
46.69283,-83.82021,562,825,0.0,0.0,0
54.0533,-112.61665,730,913,308.82,2.19,1
61.59891,-134.92067,1917,2132,333.33,3.39,1
56.49874,-120.77198,562,1955,327.04,2.45,1
65.57324,-106.87777,1125,2038,0.0,0.0,0
49.55868,-103.45282,61,1944,0.0,0.0,0
45.60339,-66.70717,1962,555,0.0,0.0,0
53.61923,-114.90028,379,2024,333.63,1.9,1
56.68734,-121.34644,944,1042,327.13,4.0,1
46.24011,-80.7518,426,733,0.0,0.0,0
46.60174,-83.72633,774,1834,0.0,0.0,0
42.80749,-80.09562,456,1755,331.57,5.75,1
50.48428,-99.13741,228,1913,346.33,7.67,1
51.18534,-114.14066,365,2126,367.0,28.58,1
49.58123,-123.04634,744,953,0.0,0.0,0
42.80405,-80.09825,744,812,326.64,1.63,1
68.16874,-94.00818,228,1106,0.0,0.0,0
53.90799,-108.6828,395,1033,0.0,0.0,0
49.96351,-122.95166,1870,941,0.0,0.0,0
53.60308,-112.61123,1125,1049,0.0,0.0,0
49.579,-121.42337,562,1006,0.0,0.0,0
62.57627,-132.39818,1248,2035,325.07,4.83,1
55.78736,-120.70184,760,951,299.96,0.91,1
63.53757,-139.54878,1979,1216,295.5,0.75,1
50.41002,-111.69478,44,2004,332.38,7.91,1
50.8971,-104.90872,440,951,0.0,0.0,0
63.6832,-118.99995,1948,834,0.0,0.0,0
54.57327,-119.66622,1278,1119,0.0,0.0,0
52.1339,-119.87265,579,1936,0.0,0.0,0
62.2305,-123.31446,1156,2100,0.0,0.0,0
53.68491,-108.14952,501,1047,349.01,6.66,1
49.4851,-122.33717,44,1017,0.0,0.0,0
49.93385,-98.66345,409,1919,350.88,33.87,1
66.03875,-63.04957,1931,1702,0.0,0.0,0
46.59597,-83.99713,1917,1805,0.0,0.0,0
49.57215,-100.6272,2009,1923,0.0,0.0,0
54.9507,-126.16753,395,2205,0.0,0.0,0
43.60378,-79.90082,153,753,0.0,0.0,0
65.21886,-72.41345,105,1737,0.0,0.0,0
81.88926,-72.50845,1856,1707,0.0,0.0,0
51.60716,-109.25003,14,1927,327.52,4.81,1
67.5667,-121.59536,548,1107,0.0,0.0,0
46.88019,-80.54987,518,709,0.0,0.0,0
60.34241,-104.09724,470,1839,0.0,0.0,0
54.0076,-119.10307,791,1009,301.51,0.85,1
42.31055,-82.0507,744,812,301.88,0.63,1
47.55817,-81.96167,0,720,320.74,1.47,1
50.98063,-62.71767,958,2108,0.0,0.0,0
45.63957,-82.8345,1536,1846,0.0,0.0,0
44.05465,-77.12132,2023,654,301.02,1.09,1
45.0553,-74.73042,1644,1821,0.0,0.0,0
46.475,-71.27505,579,1751,0.0,0.0,0
52.24136,-112.70161,501,908,0.0,0.0,0
50.47811,-121.72792,426,914,300.33,1.36,1
75.98929,-106.95827,1139,1751,0.0,0.0,0
59.00954,-111.09322,1597,1948,0.0,0.0,0
51.51292,-115.46807,1826,1004,0.0,0.0,0
82.29307,-63.67586,1597,1803,0.0,0.0,0
72.7814,-86.46031,1309,819,0.0,0.0,0
53.69345,-110.0114,760,951,313.27,1.39,1
50.85398,-113.9766,365,2126,0.0,0.0,0
55.42289,-112.17272,14,938,0.0,0.0,0
61.41495,-110.81455,501,1713,0.0,0.0,0
51.92189,-84.3849,1278,758,0.0,0.0,0
51.06056,-115.17218,1200,903,298.22,1.16,1
42.80464,-80.10014,501,1853,342.02,8.9,1
50.57232,-82.51638,730,914,0.0,0.0,0
49.44437,-123.13689,760,952,0.0,0.0,0
54.82615,-117.98336,1689,1111,0.0,0.0,0
59.28767,-104.2539,1217,1022,0.0,0.0,0
53.36805,-111.9114,548,2056,349.7,54.56,1
50.93403,-110.33349,1856,1707,0.0,0.0,0
43.52744,-80.04779,183,650,0.0,0.0,0
55.8673,-103.35389,1658,1902,0.0,0.0,0
52.2298,-92.24064,1583,1908,330.38,4.72,1
47.16313,-82.13454,0,720,0.0,0.0,0
49.73685,-114.79701,426,914,313.22,2.2,1
55.18205,-112.4161,14,938,322.37,1.69,1
49.38229,-121.59332,1979,2207,0.0,0.0,0
56.78262,-117.63728,214,2019,353.19,20.46,1
50.94002,-63.505,1628,1642,0.0,0.0,0
62.16369,-104.69944,456,1755,0.0,0.0,0
64.21638,-112.51594,1200,859,0.0,0.0,0
52.82141,-84.86042,1217,1831,328.1,1.31,1
57.31226,-117.06713,214,2019,0.0,0.0,0
50.78155,-99.76016,1139,1934,0.0,0.0,0
42.69199,-80.71508,2009,1921,0.0,0.0,0
45.46511,-75.15437,105,1737,331.41,2.75,1
50.21368,-84.38239,470,1836,0.0,0.0,0
56.82736,-122.76446,883,1125,0.0,0.0,0
52.45196,-121.75635,1658,2042,331.05,2.77,1
45.82568,-66.00558,61,636,0.0,0.0,0
51.01136,-97.37852,1139,806,337.9,2.06,1
53.33636,-103.1348,395,1843,367.0,458.63,1
46.23136,-73.56052,1870,1745,0.0,0.0,0
53.32151,-108.49969,2023,1013,322.06,3.06,1
55.4237,-101.46032,835,803,0.0,0.0,0
53.34639,-114.23698,365,1946,0.0,0.0,0
52.17271,-104.89435,2009,1924,0.0,0.0,0
58.51254,-66.17799,1186,1814,344.55,5.99,1
72.26896,-86.02172,1156,1733,0.0,0.0,0
54.64219,-112.38192,1323,1035,296.72,0.97,1
54.8154,-113.62142,44,2146,0.0,0.0,0
53.82882,-125.26736,2054,2203,357.03,16.47,1
55.47325,-116.41396,1262,2110,353.56,38.72,1
55.93086,-118.58928,548,1107,0.0,0.0,0
52.14841,-102.56939,2054,1841,333.95,6.26,1
46.12586,-83.69688,91,714,0.0,0.0,0
42.3366,-81.6617,744,812,0.0,0.0,0
54.22146,-116.83369,562,1004,314.83,1.25,1
50.06489,-114.44591,426,914,0.0,0.0,0
49.20119,-120.57849,379,2023,0.0,0.0,0
64.91833,-117.46613,91,2027,357.62,44.95,1
52.58023,-59.24226,136,1758,0.0,0.0,0
46.9579,-67.33384,1658,1718,328.97,3.0,1
60.03027,-121.98319,1962,2047,344.57,4.73,1
50.61198,-125.90147,579,947,300.77,1.46,1
54.46366,-99.38962,1979,856,0.0,0.0,0
53.61855,-122.26133,2023,2003,329.45,3.61,1
57.72167,-130.35376,1658,1901,0.0,0.0,0
49.31059,-101.56049,579,1934,342.62,13.85,1
56.38193,-116.82396,1689,1922,0.0,0.0,0
57.00365,-111.47715,1491,944,295.23,0.8,1
52.36598,-107.55603,791,1958,0.0,0.0,0
47.01563,-80.22296,0,720,0.0,0.0,0
56.19183,-120.38284,2054,2023,354.47,40.82,1
50.12962,-94.94306,365,1804,332.15,3.16,1
51.96941,-124.99416,409,2101,345.18,27.58,1
49.14574,-122.27458,1931,1039,305.49,1.18,1
57.40004,-117.44069,1948,1017,296.89,0.95,1
56.70129,-121.09109,913,2155,351.82,6.24,1
49.73883,-114.8009,548,928,297.24,1.77,1
44.16782,-76.80239,1597,818,299.09,1.24,1
64.01933,-129.46405,487,2144,356.8,36.38,1
42.67706,-79.67112,75,1839,0.0,0.0,0
55.59376,-122.13815,1323,2026,340.09,70.74,1
47.66087,-75.38384,1156,1733,0.0,0.0,0
56.79327,-110.88828,1644,1015,0.0,0.0,0
58.29762,-117.89508,2040,1134,0.0,0.0,0
55.66245,-87.54635,1552,1849,0.0,0.0,0
49.54484,-101.83321,1323,1843,0.0,0.0,0
49.33904,-97.06712,1139,1754,367.0,54.51,1
53.79975,-113.82237,1901,1949,0.0,0.0,0
52.26047,-93.60935,593,1832,0.0,0.0,0
45.78008,-72.56936,167,649,0.0,0.0,0
64.87679,-83.56292,532,1732,0.0,0.0,0
48.67139,-90.83878,2054,1839,328.11,3.29,1
82.05208,-64.24054,1870,1745,0.0,0.0,0
51.44086,-98.12534,395,1842,0.0,0.0,0
44.65856,-65.21397,1962,1720,367.0,116.74,1
42.8053,-80.09594,791,650,311.19,1.24,1
57.00553,-111.46928,760,1130,367.0,7.21,1
49.14621,-125.37874,883,947,0.0,0.0,0
43.26161,-79.80779,1931,1842,353.2,9.38,1
53.0384,-89.43647,913,2011,0.0,0.0,0
45.01265,-72.62338,2009,615,0.0,0.0,0
65.07013,-118.90052,821,2040,367.0,46.8,1
56.7364,-100.24206,1993,1741,0.0,0.0,0
48.84591,-64.65343,1931,1702,338.33,3.21,1
51.71502,-121.40844,1095,2001,325.99,4.33,1
53.29308,-109.04614,61,1946,0.0,0.0,0
44.15925,-81.7949,1139,1752,0.0,0.0,0
52.5669,-117.26831,532,1732,0.0,0.0,0
44.93722,-64.73434,2009,1740,367.0,11.78,1
49.85935,-102.94619,518,849,0.0,0.0,0
65.63342,-104.46868,1217,1829,0.0,0.0,0
65.44124,-85.65355,1231,1908,0.0,0.0,0
46.04531,-73.14398,1491,625,299.26,1.06,1
72.98768,-95.44711,30,939,0.0,0.0,0
65.12481,-124.14088,1979,1850,0.0,0.0,0
46.72665,-67.74432,1658,1718,0.0,0.0,0
49.4369,-111.9147,105,933,0.0,0.0,0
54.15921,-108.28493,44,1015,297.47,1.68,1
57.47977,-111.18318,897,842,0.0,0.0,0
42.07098,-82.31932,897,704,0.0,0.0,0
82.23163,-63.97225,1109,1714,0.0,0.0,0
45.68993,-66.23005,379,1658,351.48,4.51,1
49.43054,-100.79162,395,1841,367.0,74.26,1
57.3455,-124.83901,1139,1126,367.0,19.15,1
53.80352,-113.09537,1461,1048,349.75,3.29,1
42.76041,-81.5057,1491,1750,336.76,3.34,1
50.74639,-98.17566,183,1958,0.0,0.0,0
52.2618,-106.67485,760,1940,343.47,2.75,1
51.69631,-97.08152,1505,1827,0.0,0.0,0
48.93755,-65.19762,1931,1702,0.0,0.0,0
59.72094,-107.76097,1125,2038,0.0,0.0,0
59.83287,-101.73563,1292,1017,0.0,0.0,0
46.86823,-67.74067,1993,1740,333.41,3.3,1
56.16154,-119.38806,167,2141,338.52,3.57,1
46.52099,-84.37523,1536,721,333.99,3.4,1
48.4249,-71.17265,835,624,295.36,0.79,1
52.73232,-114.6168,1292,2006,0.0,0.0,0
53.90919,-108.56167,518,848,0.0,0.0,0
49.22581,-100.43015,2009,1923,342.31,7.22,1
50.27102,-95.93422,395,2022,336.85,5.57,1
80.03323,-87.95696,1583,1907,0.0,0.0,0
45.30635,-74.99357,1962,735,299.29,0.7,1
46.01368,-66.84826,1156,1732,333.24,2.29,1
60.68852,-70.38541,105,1741,0.0,0.0,0
52.51655,-110.1326,1109,1858,0.0,0.0,0
55.92806,-122.61542,897,1023,367.0,11.95,1
66.16577,-70.66321,1309,819,0.0,0.0,0
48.25354,-79.02033,1278,1745,335.11,4.67,1
50.29149,-117.41225,1689,1113,0.0,0.0,0
45.58252,-66.78718,1156,1732,0.0,0.0,0
54.05777,-105.03225,395,2023,0.0,0.0,0
48.26926,-79.68709,1583,1907,0.0,0.0,0
58.13867,-106.54786,1675,1215,0.0,0.0,0
55.08813,-122.60126,2023,2004,350.92,37.73,1
54.83259,-118.89313,1278,1119,305.13,0.66,1
50.60177,-120.79711,228,2055,343.75,6.72,1
57.52122,-62.10865,1200,1710,0.0,0.0,0
51.20397,-66.71504,1170,643,0.0,0.0,0
43.26934,-79.80326,61,1801,338.88,7.2,1
49.09739,-123.01469,927,1103,298.94,0.93,1
52.47057,-111.00064,1278,1928,0.0,0.0,0
57.12935,-101.44073,866,1954,350.43,24.07,1
53.43455,-84.87179,1628,834,0.0,0.0,0
57.28898,-72.00171,2009,1741,0.0,0.0,0
49.5391,-98.30696,1917,819,297.93,1.18,1
52.64865,-102.47521,409,1920,338.68,24.63,1
48.47322,-76.85886,1156,1914,367.0,99.86,1
52.13597,-123.87055,1689,1921,356.93,46.33,1
44.76553,-76.68668,91,715,0.0,0.0,0
62.11632,-132.62042,744,811,0.0,0.0,0
53.27115,-111.46828,379,1843,0.0,0.0,0
43.72896,-80.00782,1309,819,0.0,0.0,0
56.74911,-101.77044,1901,1949,0.0,0.0,0
58.11082,-116.41984,1248,2033,339.02,4.01,1
65.0753,-119.63724,91,2027,0.0,0.0,0
46.48894,-81.03182,1597,637,321.31,1.35,1
47.94491,-80.34948,136,1757,0.0,0.0,0
43.08864,-80.2664,470,709,0.0,0.0,0
53.4786,-99.46955,183,829,0.0,0.0,0
49.67103,-113.38646,44,2004,0.0,0.0,0
74.81355,-94.66516,91,852,0.0,0.0,0
51.81994,-90.50309,501,1855,342.86,23.01,1
54.35033,-118.42182,1536,900,295.79,0.53,1
53.264,-103.43173,897,1832,367.0,22.13,1
43.38294,-81.88749,1170,826,0.0,0.0,0
50.61277,-125.56828,1139,2116,340.18,35.08,1
53.84184,-95.41,2009,1924,0.0,0.0,0
46.15068,-65.76792,1139,1751,0.0,0.0,0
53.68178,-95.8461,2009,1924,326.15,2.55,1
56.91634,-121.68422,760,950,306.75,1.84,1
55.89196,-108.90602,1125,2039,339.7,8.1,1
42.87616,-82.40559,1628,657,314.37,1.4,1
60.26942,-119.77127,1186,1003,367.0,6.79,1
60.58245,-96.97164,501,1713,0.0,0.0,0
55.84183,-123.43355,958,2110,0.0,0.0,0
58.58246,-102.91647,1552,1851,345.27,11.27,1
69.81694,-68.42489,395,1841,0.0,0.0,0
46.5769,-80.79182,0,720,295.75,0.68,1
60.12034,-105.95451,1475,1750,0.0,0.0,0
45.54507,-72.86068,426,733,0.0,0.0,0
45.48649,-66.51716,1109,1714,0.0,0.0,0
59.63694,-126.99585,821,1046,296.73,0.71,1
66.35679,-99.41837,2054,1841,0.0,0.0,0
45.71469,-66.06737,1644,514,0.0,0.0,0
46.01063,-81.0555,913,843,0.0,0.0,0
54.16015,-108.28242,1231,1100,300.21,1.4,1
46.78488,-84.02435,744,811,0.0,0.0,0
50.93935,-96.8716,2023,2002,0.0,0.0,0
45.22418,-62.04599,1109,1714,0.0,0.0,0
58.56285,-124.23154,1262,2111,330.08,5.27,1
48.6688,-78.69064,409,751,0.0,0.0,0
45.8365,-73.25185,426,733,312.46,1.74,1
42.31232,-82.05254,805,728,313.3,0.86,1
49.0984,-123.01385,122,2042,326.46,3.22,1
48.25494,-79.02001,409,751,298.95,1.11,1
46.47385,-81.04781,897,1829,331.69,2.58,1
51.07252,-119.21963,944,2031,0.0,0.0,0
57.04465,-117.99283,426,2044,0.0,0.0,0
59.94835,-109.3289,805,1858,0.0,0.0,0
43.35729,-82.0241,1186,645,0.0,0.0,0
49.6668,-122.38511,548,2056,334.04,10.15,1
51.82655,-121.49183,1856,2032,330.13,2.89,1
45.59972,-66.23652,1856,1707,367.0,10.7,1
59.62159,-126.36578,821,1046,0.0,0.0,0
49.67208,-125.73619,883,947,319.79,3.29,1
50.0333,-108.51844,883,946,0.0,0.0,0
42.48214,-82.48923,1505,704,0.0,0.0,0
58.79459,-106.33577,944,1850,0.0,0.0,0
53.78291,-101.33742,1292,2006,339.21,30.12,1
76.22113,-122.09286,913,2011,0.0,0.0,0
50.43183,-98.56374,1125,2038,367.0,70.41,1
59.90804,-69.61354,835,1750,0.0,0.0,0
69.43903,-115.77973,2009,1741,0.0,0.0,0
43.27076,-79.80685,2040,1800,329.91,4.0,1
55.18418,-120.75933,1109,1900,0.0,0.0,0
52.19889,-123.39436,593,1832,0.0,0.0,0
59.73975,-109.24944,487,1821,367.0,10.47,1
54.20993,-112.77784,1856,2032,0.0,0.0,0
63.36981,-100.06807,958,2108,0.0,0.0,0
54.53111,-116.70174,1826,1004,297.31,0.63,1
51.06153,-94.61842,1870,1748,0.0,0.0,0
44.66045,-76.75318,1826,1809,0.0,0.0,0
55.33703,-119.2231,1200,902,314.37,1.34,1
57.34644,-124.87225,1170,2136,351.28,9.96,1
44.05351,-77.11981,774,709,301.33,0.93,1
45.29161,-75.98641,1675,714,314.22,1.16,1
50.32662,-97.49751,579,946,305.05,1.09,1
51.93086,-114.56038,214,2018,0.0,0.0,0
60.04393,-113.67171,1125,2038,0.0,0.0,0
46.44963,-72.98882,1901,1804,0.0,0.0,0
61.58828,-140.67894,2023,1153,0.0,0.0,0
69.09964,-113.01553,1689,1919,0.0,0.0,0
46.51498,-84.396,1186,1811,335.16,5.05,1
51.17823,-100.15345,1248,2031,325.78,1.64,1
46.39234,-83.67296,30,758,0.0,0.0,0
66.40876,-64.80278,562,1952,0.0,0.0,0
51.45306,-121.49064,365,2126,0.0,0.0,0
50.78586,-115.17157,1901,1000,0.0,0.0,0
46.04478,-73.14339,518,709,313.12,2.13,1
52.89356,-108.86453,944,1851,0.0,0.0,0
64.41438,-118.07791,1962,1908,0.0,0.0,0
61.47584,-119.96575,1231,919,0.0,0.0,0
55.0417,-125.87958,593,2155,0.0,0.0,0
54.60218,-116.62811,75,854,296.68,0.83,1
54.4525,-122.50336,183,2000,344.39,63.78,1
57.82892,-112.11348,1917,1808,0.0,0.0,0
49.04971,-122.18285,518,2158,367.0,15.62,1
53.81611,-111.62533,183,829,0.0,0.0,0
51.09156,-95.45514,1917,1947,344.63,6.61,1
45.94965,-77.37137,2023,1819,345.66,15.79,1
53.15217,-107.65667,593,1024,367.0,12.4,1
51.57589,-121.90575,1856,2032,0.0,0.0,0
56.57946,-122.43727,944,1042,0.0,0.0,0
49.33589,-117.60848,1840,2030,0.0,0.0,0
45.61446,-74.70719,548,747,300.52,1.45,1
49.58205,-120.12882,958,940,367.0,9.35,1
61.7736,-131.00802,1887,1102,0.0,0.0,0
66.36648,-119.48586,1217,2158,367.0,7.26,1
58.73701,-122.26758,1870,2112,0.0,0.0,0
48.03609,-78.75782,1475,624,0.0,0.0,0
59.92784,-109.6803,487,1008,0.0,0.0,0
52.18887,-98.7683,1186,824,318.71,2.69,1
50.77735,-98.60772,1628,1824,0.0,0.0,0
50.53158,-98.36507,228,1913,0.0,0.0,0
61.77668,-137.34554,1979,2210,0.0,0.0,0
55.21002,-97.01767,470,1837,0.0,0.0,0
49.10214,-121.26604,1231,2050,367.0,64.22,1
57.91772,-124.24222,91,852,0.0,0.0,0
46.39017,-73.15396,1309,637,0.0,0.0,0
55.82305,-122.47413,1323,2026,0.0,0.0,0
60.66125,-119.21759,1552,1852,0.0,0.0,0
43.56723,-65.46272,1156,1732,367.0,72.26,1
44.56164,-79.75982,183,1815,329.13,1.71,1
45.46734,-74.72491,1597,1803,327.97,3.41,1
45.39532,-63.63139,197,1712,329.95,4.22,1
45.56193,-65.87438,1139,626,0.0,0.0,0
52.23383,-105.82233,183,1959,346.1,9.3,1
51.67323,-98.59172,1840,1850,333.43,4.6,1
56.50527,-122.62501,913,2014,0.0,0.0,0
45.13624,-73.67001,760,1756,346.6,6.96,1
54.74596,-91.19217,944,1850,0.0,0.0,0
46.05757,-65.89828,1856,1707,0.0,0.0,0
64.53558,-66.09303,1262,1745,0.0,0.0,0
43.26257,-79.81088,760,631,301.38,1.24,1
53.44429,-105.37398,866,1953,339.99,4.46,1
42.96667,-81.87099,1675,715,313.69,1.19,1
76.95662,-120.17537,14,1746,0.0,0.0,0
50.03938,-124.32358,1323,2205,328.87,2.91,1
61.1416,-77.2254,760,951,0.0,0.0,0
53.96613,-114.16328,228,1106,367.0,9.08,1
49.09808,-123.01868,183,1012,308.33,1.31,1
46.57481,-80.79127,1505,1828,335.84,9.76,1
57.15995,-113.24152,470,2019,367.0,93.96,1
43.26123,-79.80466,1552,1846,342.79,9.39,1
67.21326,-138.96359,487,2004,367.0,11.16,1
52.24617,-110.80638,579,1935,0.0,0.0,0
45.97219,-72.60033,518,709,0.0,0.0,0
48.58589,-123.95117,122,914,0.0,0.0,0
59.50148,-111.59841,1887,2053,0.0,0.0,0
52.7505,-119.95565,1597,958,0.0,0.0,0
53.92988,-108.39972,562,1954,0.0,0.0,0
59.3982,-107.70779,805,905,0.0,0.0,0
46.04278,-73.14297,167,649,325.81,2.22,1
55.94776,-125.60404,487,2141,0.0,0.0,0
49.66314,-97.88507,1536,1848,0.0,0.0,0
50.51616,-104.62828,562,1952,331.48,2.68,1
49.55002,-95.71099,1278,1927,0.0,0.0,0
68.43327,-125.95174,91,852,0.0,0.0,0
52.25964,-99.59879,61,1945,0.0,0.0,0
49.118,-115.76802,958,2108,353.42,47.74,1
58.37048,-118.59764,1901,958,297.91,1.64,1
45.78678,-66.3664,1628,515,0.0,0.0,0
56.92155,-118.09823,426,1904,0.0,0.0,0
50.68961,-120.40686,913,1024,296.75,1.35,1
49.09756,-123.0144,744,953,305.38,1.03,1
50.35083,-122.87271,1826,2133,341.45,5.14,1
79.46977,-83.05909,562,1952,0.0,0.0,0
42.34365,-81.49908,2009,757,0.0,0.0,0
59.16473,-114.30118,958,1930,0.0,0.0,0
70.0403,-108.52746,1248,2031,0.0,0.0,0
50.44312,-107.14452,1505,1827,0.0,0.0,0
76.59654,-117.65063,0,721,0.0,0.0,0
65.56346,-116.98702,470,2022,0.0,0.0,0
50.26596,-98.39188,1658,1901,0.0,0.0,0
51.42479,-103.25329,944,902,0.0,0.0,0
61.82272,-111.87042,1993,933,0.0,0.0,0
57.27591,-126.84638,866,1629,0.0,0.0,0
42.29483,-82.08266,1475,1750,328.45,2.39,1
44.38228,-78.52254,866,1809,331.64,2.8,1
59.47622,-71.72605,1962,1720,0.0,0.0,0
46.32101,-75.55072,1826,1809,328.16,3.54,1
50.41496,-111.20251,1917,819,0.0,0.0,0
60.58644,-134.99178,1292,2009,357.39,14.37,1
57.06887,-121.83321,105,931,303.92,1.17,1
44.16677,-76.80126,1323,716,295.52,0.76,1
57.00581,-111.47389,1583,1059,316.94,1.54,1
54.6127,-105.59557,379,2023,0.0,0.0,0
53.73092,-84.82973,1628,834,300.41,0.86,1
61.76324,-130.9287,821,2221,349.02,4.91,1
56.82573,-110.75773,1491,944,0.0,0.0,0
45.83928,-73.24731,1948,1823,330.34,4.88,1
49.46788,-123.68747,1323,2205,325.57,5.11,1
49.73856,-114.79977,409,933,296.7,1.6,1
49.07226,-65.34963,913,2011,0.0,0.0,0
58.13698,-95.15071,1948,836,306.83,1.2,1
59.98425,-108.69405,805,1858,367.0,361.34,1
51.03965,-87.17547,1217,1831,367.0,103.6,1
49.96288,-104.40502,365,816,0.0,0.0,0
70.16494,-73.60296,2040,1134,0.0,0.0,0
78.88689,-91.50652,1870,1745,0.0,0.0,0
62.55608,-113.06676,1993,1113,0.0,0.0,0
61.08336,-108.17102,91,851,0.0,0.0,0
45.52012,-77.34596,1156,1914,0.0,0.0,0
46.17747,-74.49299,548,747,0.0,0.0,0
59.70115,-124.08669,1887,920,367.0,6.68,1
51.25861,-114.81816,1292,1017,0.0,0.0,0
55.21413,-121.89338,1658,2043,0.0,0.0,0
53.80363,-111.19984,579,1935,0.0,0.0,0
56.51388,-119.06555,167,2141,0.0,0.0,0
56.34369,-114.18299,1948,2149,0.0,0.0,0
63.47413,-140.25108,440,951,0.0,0.0,0
59.91868,-117.29981,1536,2032,326.38,2.71,1
46.41322,-80.42559,0,721,0.0,0.0,0
46.45412,-63.66803,167,1634,327.23,4.34,1
50.05728,-110.73016,774,2017,332.02,1.04,1
52.95925,-73.10969,1536,1706,0.0,0.0,0
69.07543,-125.66735,532,1732,0.0,0.0,0
65.55457,-117.17314,774,1833,0.0,0.0,0
57.00865,-111.48096,1628,834,309.92,1.72,1
54.01972,-128.6727,1931,1217,367.0,8.86,1
50.9985,-120.28537,913,1024,0.0,0.0,0
50.70005,-79.67257,1583,1907,0.0,0.0,0
50.98852,-85.02537,470,848,0.0,0.0,0
44.31573,-78.91822,1139,1751,332.06,2.08,1
60.25713,-128.6357,44,2003,0.0,0.0,0
58.38957,-115.90997,1962,2046,332.18,5.51,1
50.5159,-104.63064,1475,1934,333.9,2.78,1
50.84846,-126.09824,944,1043,0.0,0.0,0
46.81534,-83.63666,122,733,0.0,0.0,0
45.62135,-65.53255,791,508,0.0,0.0,0
43.10111,-80.38203,167,1815,0.0,0.0,0
42.31332,-82.05174,1309,639,302.73,0.44,1
48.83585,-58.54657,1109,1534,0.0,0.0,0
53.54084,-110.20232,2040,955,303.88,1.14,1
50.51751,-104.62846,730,914,323.52,1.8,1
49.06906,-116.11417,744,2120,325.3,2.33,1
46.51459,-84.39613,821,1853,333.79,5.58,1
56.45105,-99.61752,518,847,295.68,0.81,1
